name,genres,popularity,related_artists
SyKo,"['glitchcore', 'sped up']",59,"['hoshie star', 'siouxxie sixxsta', 'ElyOtto']"
Kevinhilfiger,['glitchcore'],27,"['Kite', 'Wido', 'Xul']"
boygenius,"['indie pop', 'pov: indie']",67,"['Lucy Dacus', 'Phoebe Bridgers', 'Leith Ross']"
The Offspring,"['alternative metal', 'permanent wave', 'post-grunge', 'punk', 'rock', 'skate punk', 'socal pop punk']",79,"['Green Day', 'Sum 41', 'Alien Ant Farm']"
Blue Öyster Cult,"['album rock', 'classic rock', 'glam metal', 'hard rock', 'progressive rock', 'rock']",65,"['Led Zeppelin', 'Cream', 'The Who']"
Johnny Cash,"['arkansas country', 'outlaw country', 'rock']",76,"['Willie Nelson', 'The Highwaymen', 'June Carter Cash']"
Cutting Crew,"['album rock', 'new romantic', 'new wave', 'new wave pop', 'soft rock']",64,"['Michael Sembello', 'TOTO', 'a-ha']"
Bill Medley,['soft rock'],59,"['Jennifer Warnes', 'Eric Carmen', 'Patrick Swayze']"
Britney Spears,"['dance pop', 'pop']",83,"['Kesha', 'Katy Perry', 'Gwen Stefani']"
Taylor Swift,['pop'],100,"['Olivia Rodrigo', 'Troye Sivan', 'Sabrina Carpenter']"
Holliday Howe,['bubblegum bass'],20,"['Father Koi', 'Sev Archer', 'Petal Supply']"
Luke Combs,"['contemporary country', 'country']",87,"['Morgan Wallen', 'Bailey Zimmerman', 'Jordan Davis']"
Kim Petras,"['alt z', 'dance pop', 'pop', 'transpop']",76,"['Dua Lipa', 'Coi Leray', 'Elley Duhé']"
Fairys,['midwest shoegaze'],17,"['Daisy Chain', 'Flying Squid', 'Lean Tee']"
Bowling For Soup,"['neon pop punk', 'pop punk', 'pop rock', 'texas pop punk']",63,"['The All-American Rejects', 'Good Charlotte', 'American Hi-Fi']"
Charli xcx,"['art pop', 'candy pop', 'metropopolis', 'pop', 'uk pop']",90,"['Chappell Roan', 'Addison Rae', 'A. G. Cook']"
8485,"['glitchcore', 'hyperpop']",45,"['blackwinterwells', 'kmoe', 'SEBii']"
Addison Rae,['social media pop'],75,"['Sabrina Carpenter', 'Charli xcx', 'Chappell Roan']"
Money Man,"['memphis hip hop', 'southern hip hop', 'trap']",69,"['42 Dugg', 'G Herbo', 'EST Gee']"
Vincent Neil Emerson,"['alternative country', 'roots americana', 'southern americana']",45,"['Summer Dean', 'Luke Bell', 'John R. Miller']"
Title Fight,"['dreamo', 'emo', 'grungegaze', 'spacegrunge', 'zoomergaze']",65,"['Fleshwater', 'Basement', 'Whirr']"
Zach Bryan,['classic oklahoma country'],91,"['The War And Treaty', 'Dylan Gossett', 'Sam Barber']"
jnhygs,"['krushclub', 'sigilkore']",68,"['Lumi Athena', 'cade clair', '9lives']"
Fijimar,['scenecore'],26,"['emorave', '5v', 'keyblayde808']"
Matchbox Twenty,"['neo mellow', 'pop rock', 'post-grunge']",69,"['Sister Hazel', 'Hootie & The Blowfish', 'Third Eye Blind']"
caro♡,"['bubblegum bass', 'hyperpop']",28,"['Himera', 'Golin', 'Planet 1999']"
Heidi Montag,['pink noise'],54,"['Lilithzplug', 'Britney Manson', 'K3NT4!']"
Fetty Wap,"['new jersey rap', 'pop rap', 'rap', 'southern hip hop', 'trap']",71,"['Rae Sremmurd', 'Migos', 'DJ Khaled']"
Turnpike Troubadours,['red dirt'],62,"['Ryan Bingham', '49 Winchester', 'Flatland Cavalry']"
Morgan Wallen,['contemporary country'],91,"['Luke Combs', 'Bailey Zimmerman', 'ERNEST']"
100 gecs,"['bubblegum bass', 'hyper-rock', 'hyperpop', 'proto-hyperpop']",59,"['Dylan Brady', 'Laura Les', 'Gupi']"
food house,['hyperpop'],42,"['Gupi', 'Fraxiom', 'Maple']"
Dolly Parton,"['classic country pop', 'country', 'country dawn']",75,"['Shania Twain', 'John Denver', 'Kenny Rogers']"
Nena,"['german pop', 'new wave pop']",65,"['Falco', 'Peter Schilling', 'Spider Murphy Gang']"
Shaboozey,"['modern country pop', 'pop rap']",81,"['Dasha', 'Myles Smith', 'Michael Marcagi']"
Greta Van Fleet,"['modern blues rock', 'modern hard rock', 'rock']",67,"['Led Zeppelin', 'The Black Keys', 'Pearl Jam']"
Burl Ives,"['adult standards', 'american folk revival']",52,"['Gene Autry', 'The Fontane Sisters', 'Bing Crosby']"
America,"['album rock', 'classic rock', 'folk rock', 'mellow gold', 'soft rock']",70,"['The Doobie Brothers', '10cc', 'Jim Croce']"
Ethel Cain,"['countrygaze', 'indie pop', 'modern dream pop']",68,"['boygenius', 'Leith Ross', 'Lucy Dacus']"
Marty Robbins,"['cowboy western', 'nashville sound']",63,"['Hank Williams', 'Johnny Horton', 'Tennessee Ernie Ford']"
Flatland Cavalry,['classic texas country'],65,"['Charles Wesley Godwin', 'Kaitlin Butts', '49 Winchester']"
College,"['nantes indie', 'popwave']",51,"['Electric Youth', 'Desire', 'Miami Nights 1984']"
Lana Del Rey,"['art pop', 'pop']",92,"['Billie Eilish', 'Cigarettes After Sex', 'The Neighbourhood']"
Vylet Pony,['otacore'],44,"['r u s s e l b u c k', 'Pent Up Pup', 'tv room']"
Bobby Bare,"['classic country pop', 'outlaw country']",54,"['Tom T. Hall', 'Buck Owens', 'Loretta Lynn']"
Nirvana,"['grunge', 'permanent wave', 'rock']",84,"['Foo Fighters', 'Pixies', 'System Of A Down']"
Buck Owens,"['bakersfield sound', 'classic country pop', 'country', 'country rock', 'cowboy western', 'western swing']",51,"['Tom T. Hall', 'Bobby Bare', 'Buck Owens & The Buckaroos']"
blink-182,"['alternative metal', 'modern rock', 'pop punk', 'punk', 'rock', 'socal pop punk']",80,"['Green Day', 'Sum 41', 'Good Charlotte']"
Midland,"['classic texas country', 'neo-traditional country']",64,"['George Strait', 'Shenandoah', 'Tracy Lawrence']"
Mr.Kitty,['weirdcore'],66,"['Mareux', 'Pastel Ghost', 'Sidewalks and Skeletons']"
Jon Pardi,"['contemporary country', 'country', 'country road', 'modern country rock']",74,"['Jason Aldean', 'Eric Church', 'Luke Bryan']"
Lady Gaga,"['art pop', 'dance pop', 'pop']",92,"['Katy Perry', 'Bruno Mars', 'Billie Eilish']"
Bob Dylan,"['classic rock', 'country rock', 'folk', 'folk rock', 'rock', 'roots rock', 'singer-songwriter']",74,"['Neil Young', 'Yusuf / Cat Stevens', 'Simon & Garfunkel']"
Basshunter,['eurodance'],62,"['Cascada', 'ItaloBrothers', 'A Touch Of Class']"
Mariah Carey,"['dance pop', 'pop', 'urban contemporary']",80,"['Alicia Keys', ""Destiny's Child"", 'USHER']"
George Strait,"['contemporary country', 'country', 'country road']",75,"['Brooks & Dunn', 'Randy Travis', 'Toby Keith']"
"Hank Williams, Jr.","['country', 'country rock', 'outlaw country']",69,"['David Allan Coe', 'Jamey Johnson', 'Mel McDaniel']"
Easton Corbin,"['contemporary country', 'country', 'country road']",57,"['Gary Allan', 'Craig Morgan', 'Joe Nichols']"
The Killers,"['alternative rock', 'dance rock', 'modern rock', 'permanent wave', 'rock']",79,"['Kings of Leon', 'Foo Fighters', 'Jimmy Eat World']"
Tyler Childers,"['kentucky indie', 'kentucky roots', 'outlaw country']",79,"['Colter Wall', 'Josh Meloy', 'Whiskey Myers']"
Johnny Hallyday,"['chanson', 'french pop', 'ye ye']",61,"['Jean-Jacques Goldman', 'Michel Sardou', 'Eddy Mitchell']"
Stromae,"['belgian pop', 'g-house']",72,"['Madcon', 'Indila', 'Ray Dalton']"
Estelle,"['neo soul', 'r&b']",68,"['Outkast', 'Pharrell Williams', 'Childish Gambino']"
Sierra Ferrell,"['alternative americana', 'new americana']",66,"['Charley Crockett', 'Bella White', 'Lukas Nelson']"
Tom Petty and the Heartbreakers,"['album rock', 'classic rock', 'hard rock', 'heartland rock', 'mellow gold', 'rock', 'singer-songwriter', 'soft rock']",70,"['Tom Petty', 'Steve Miller Band', 'Bob Seger']"
Green Day,"['modern rock', 'permanent wave', 'punk', 'rock']",83,"['blink-182', 'The Offspring', 'Foo Fighters']"
Kenny Chesney,"['contemporary country', 'country', 'country road']",72,"['Dierks Bentley', 'Eric Church', 'Jake Owen']"
Don McLean,"['classic rock', 'folk', 'folk rock', 'mellow gold', 'singer-songwriter', 'soft rock']",64,"['Billy Joel', 'Simon & Garfunkel', 'John Denver']"
Pure Prairie League,"['classic rock', 'country rock', 'folk rock', 'mellow gold', 'singer-songwriter', 'soft rock']",47,"['Loggins & Messina', 'Jonathan Edwards', 'The Marshall Tucker Band']"
Ecco2k,"['cloud rap', 'drain', 'glitchcore', 'hyperpop']",61,"['Bladee', 'Thaiboy Digital', 'Yung Lean']"
JADE,['pop'],62,"['Paris Hilton', 'Perrie', 'Charli xcx']"
ABBA,"['europop', 'swedish pop']",82,"['Bonnie Tyler', 'Wham!', 'Elton John']"
Three Days Grace,"['alternative metal', 'canadian metal', 'canadian rock', 'nu metal', 'post-grunge', 'rock']",78,"['Breaking Benjamin', 'Papa Roach', 'Seether']"
Nickelback,"['alternative metal', 'canadian rock', 'post-grunge']",80,"['3 Doors Down', 'Papa Roach', 'Hinder']"
49 Winchester,['country'],62,"['Charles Wesley Godwin', 'Flatland Cavalry', 'Colby Acuff']"
N Joi,"['bleep techno', 'classic house', 'hardcore techno', 'hip house', 'piano house']",39,"['Kariya', 'Strike', 'Xpansions']"
Shania Twain,"['canadian country', 'canadian pop', 'contemporary country', 'country', 'country dawn']",73,"['Faith Hill', 'LeAnn Rimes', 'Lady A']"
Josiah and the Bonnevilles,"['modern folk rock', 'stomp and holler']",62,"['Evan Honer', 'Caamp', 'Watchhouse']"
Journey,"['album rock', 'classic rock', 'hard rock', 'mellow gold', 'rock', 'soft rock']",77,"['Foreigner', 'Kenny Loggins', 'TOTO']"
Caamp,"['indie folk', 'stomp and holler']",71,"['Mt. Joy', 'Watchhouse', 'Shakey Graves']"
Wallows,['pov: indie'],74,"['Dayglow', 'The Backseat Lovers', ""Her's""]"
Willie Nelson,"['classic country pop', 'classic texas country', 'country', 'country rock', 'nashville sound', 'outlaw country', 'singer-songwriter']",73,"['Waylon Jennings', 'The Highwaymen', 'Kris Kristofferson']"
Toby Keith,"['classic oklahoma country', 'contemporary country', 'country', 'country road']",72,"['Brooks & Dunn', 'Travis Tritt', 'Alabama']"
Cydnee with a C,['atl trap'],36,"['Take Van', 'Belis', 'FiFi Zhang']"
Dasha,['country'],75,"['Myles Smith', 'Shaboozey', 'Mark Ambor']"
Babymorocco,['hyperpop'],33,"['Thoom', 'Bamster', 'Public Appeal']"
MEGA NRG MAN,"['eurobeat', 'super eurobeat']",45,"['Marko Polo', 'Dave Simon', 'dave rodgers']"
RUNNER BOY,['club'],25,"['FiFi Zhang', 'Take Van', 'Babebee']"
Central Cee,"['melodic drill', 'r&drill']",83,"['Dave', 'Gunna', 'Metro Boomin']"
Beyoncé,"['pop', 'r&b']",87,"['Rihanna', ""Destiny's Child"", 'Nicki Minaj']"
Travis Scott,"['rap', 'slap house']",94,"['Metro Boomin', '21 Savage', 'Ty Dolla $ign']"
The Supremes,"['adult standards', 'classic girl group', 'classic soul', 'disco', 'motown', 'soul']",65,"['Four Tops', 'Martha Reeves & The Vandellas', 'Jackie Wilson']"
Mel McDaniel,"['classic country pop', 'classic oklahoma country', 'country']",59,"['John Anderson', 'Alabama', 'Conway Twitty']"
Brett Eldredge,"['contemporary country', 'country', 'country road', 'modern country rock']",59,"['David Nail', 'Chris Young', 'Chris Lane']"
AC/DC,"['australian rock', 'hard rock', 'rock']",84,"[""Guns N' Roses"", 'KISS', 'Aerosmith']"
The Smiths,"['madchester', 'new wave', 'permanent wave', 'rock', 'uk post-punk']",80,"['Radiohead', 'The Cure', 'Pixies']"
S3RL,"['australian dance', 'freeform hardcore', 'happy hardcore']",61,"['Fantasy Project feat. NDA', 'Tamika', 'Roy Bee']"
Five Finger Death Punch,"['alternative metal', 'groove metal', 'nu metal']",75,"['Bad Wolves', 'Godsmack', 'Shinedown']"
Creedence Clearwater Revival,"['album rock', 'classic rock', 'country rock', 'mellow gold', 'rock', 'southern rock', 'swamp rock']",82,"['Lynyrd Skynyrd', 'The Rolling Stones', 'The Hollies']"
Joan Jett & the Blackhearts,"['glam punk', 'rock']",66,"['KISS', 'AC/DC', 'Blondie']"
Jim Croce,"['classic rock', 'country rock', 'folk', 'folk rock', 'mellow gold', 'singer-songwriter', 'soft rock']",71,"['America', 'Gordon Lightfoot', 'Glen Campbell']"
Clairo,"['bedroom pop', 'indie pop', 'pov: indie']",82,"['beabadoobee', 'The Marías', 'Faye Webster']"
Kofs,"['french hip hop', 'pop urbaine', 'r&b francais', 'rap francais', 'rap marseille']",62,"['TK', 'Kamikaz', 'YL']"
Sohodolls,"['electronic rock', 'sped up']",57,"['Marie Madeleine', 'Princess Chelsea', 'TOOPOOR']"
Jake Owen,"['contemporary country', 'country', 'country road']",66,"['Dierks Bentley', 'Billy Currington', 'Chris Janson']"
Heart,"['album rock', 'classic rock', 'glam metal', 'hard rock', 'mellow gold', 'new wave pop', 'rock', 'singer-songwriter', 'soft rock']",69,"['Pat Benatar', 'REO Speedwagon', 'Foreigner']"
The Ronettes,"['brill building pop', 'classic girl group', 'motown', 'rock-and-roll']",67,"['Nancy Sinatra', 'The Mamas & The Papas', 'Frankie Valli']"
Japanese Breakfast,"['art pop', 'eugene indie', 'indie pop', 'indie rock', 'philly indie']",57,"['Alvvays', 'Soccer Mommy', 'Weyes Blood']"
EASYFUN,"['escape room', 'hyperpop', 'metropopolis', 'proto-hyperpop']",31,"['Danny Sunshine', 'Finn Keane', 'QT']"
The Rolling Stones,"['album rock', 'british invasion', 'classic rock', 'rock']",80,"['The Who', 'Led Zeppelin', 'Creedence Clearwater Revival']"
A. G. Cook,"['bubblegum bass', 'escape room', 'hyperpop', 'proto-hyperpop']",64,"['Shygirl', 'SOPHIE', 'BC Kingdom']"
Patti Smith,"['art punk', 'permanent wave', 'protopunk', 'singer-songwriter']",57,"['Lou Reed', 'Iggy Pop', 'Janis Joplin']"
Midnight Oil,"['australian rock', 'new romantic']",60,"['INXS', 'Simple Minds', 'Fine Young Cannibals']"
Carrie Underwood,"['classic oklahoma country', 'contemporary country', 'country', 'country dawn', 'dance pop', 'pop']",72,"['Luke Bryan', 'Little Big Town', 'Miranda Lambert']"
The Goo Goo Dolls,"['neo mellow', 'permanent wave', 'pop rock', 'post-grunge']",76,"['The Fray', 'Snow Patrol', 'Train']"
Cher,"['dance pop', 'pop']",71,"['Tina Turner', 'Irene Cara', 'Eric Carmen']"
GIMS,"['french hip hop', 'pop urbaine', 'r&b francais', 'rap conscient']",80,"['Soolking', 'KeBlack', 'Lossa']"
Patrick Fiori,"['chanson', 'french pop']",54,"['Florent Pagny', 'Grégoire', 'Garou']"
Naps,"['french hip hop', 'pop urbaine', 'rap marseille']",71,"['Alonzo', 'Jul', 'Soso Maness']"
Post Malone,"['dfw rap', 'melodic rap', 'pop', 'rap']",92,"['Diplo', 'The Kid LAROI', 'Marshmello']"
Jimmy Dean,"['classic country pop', 'nashville sound']",44,"['Johnny Horton', 'C.W. McCall', 'Buck Owens']"
Gregory Alan Isakov,"['indie folk', 'pop folk', 'stomp and flutter', 'stomp and holler']",73,"['The Paper Kites', 'John Vincent III', 'Caamp']"
Blaze Foley,"['alternative country', 'american folk revival', 'cosmic american', 'folk', 'outlaw country', 'singer-songwriter']",46,"['Townes Van Zandt', 'Dave Van Ronk', 'Doc Watson']"
Foo Fighters,"['alternative metal', 'alternative rock', 'modern rock', 'permanent wave', 'post-grunge', 'rock']",78,"['Red Hot Chili Peppers', 'Pearl Jam', 'Nirvana']"
Ninho,"['french hip hop', 'pop urbaine']",79,"['Niska', 'Koba LaD', 'Hamza']"
Tila Tsoli,['pink noise'],47,"['Nicxletina', 'bugcried', 'MISS LUXURY']"
Cake Pop,"['hyperpop', 'proto-hyperpop']",34,"['Ravenna Golden', 'Robel Ketema', 'Glitch Gum']"
Alannah Myles,['classic canadian rock'],56,"['Heart', 'Pat Benatar', 'Foreigner']"
Maes,"['french hip hop', 'pop urbaine', 'rap francais']",74,"['Lacrim', 'UZI', 'Werenoi']"
Linkin Park,"['alternative metal', 'nu metal', 'post-grunge', 'rap metal', 'rock']",92,"['Papa Roach', 'Three Days Grace', 'Thirty Seconds To Mars']"
The Weeknd,"['canadian contemporary r&b', 'canadian pop', 'pop']",96,"['Gesaffelstein', 'Doja Cat', 'Swae Lee']"
Ramones,"['alternative rock', 'early us punk', 'permanent wave', 'punk', 'rock']",68,"['Sex Pistols', 'The Clash', 'Iggy Pop']"
recovery girl,"['glitchcore', 'hyperpop']",27,"['digifae', 'Petal Supply', 'diana starshine']"
Grouper,"['ambient', 'ambient pop', 'art pop', 'dream pop', 'drone', 'electra', 'experimental ambient', 'experimental pop', 'modern dream pop', 'spectra']",63,"['salvia palth', 'Duster', 'Memo Boy']"
Elvis Presley,"['rock-and-roll', 'rockabilly']",80,"['Roy Orbison', 'Tom Jones', 'Chuck Berry']"
The International Submarine Band,"['cosmic american', 'country rock']",31,"['Willis Alan Ramsey', 'Terry Allen', 'Steve Young']"
Miranda Lambert,"['contemporary country', 'country', 'country dawn', 'country road']",70,"['Little Big Town', 'Tim McGraw', 'Carly Pearce']"
Sam Hunt,"['contemporary country', 'country', 'country pop', 'modern country rock']",70,"['Florida Georgia Line', 'Lee Brice', 'Old Dominion']"
Vengaboys,"['eurodance', 'europop']",64,"['Whigfield', 'Aqua', 'Eiffel 65']"
Brooks & Dunn,"['contemporary country', 'country', 'country road']",72,"['Toby Keith', 'Travis Tritt', 'George Strait']"
Bruce Springsteen,"['heartland rock', 'mellow gold', 'permanent wave', 'rock', 'singer-songwriter']",79,"['Dire Straits', 'Van Morrison', 'U2']"
Lil Eli,['meme rap'],17,"['zxgger', 'zgy', 'KamJam']"
The Cure,"['new wave', 'permanent wave', 'rock', 'uk post-punk']",78,"['Joy Division', 'The Smiths', 'Pixies']"
TAAHLIAH,['pink noise'],32,"['Rick Farin', 'deBasement', 'Or:la']"
Declan McKenna,['pov: indie'],68,"['Dominic Fike', 'Dr. Dog', 'Wallows']"
Okayracer,['Error'],0,['Error']
Ariana Grande,['pop'],92,"['Camila Cabello', 'Madison Beer', 'Selena Gomez']"
Matthew Wilder,['new wave pop'],58,"['Rupert Holmes', 'Lipps Inc.', 'Carl Douglas']"
Limp Bizkit,"['alternative metal', 'funk metal', 'nu metal', 'post-grunge', 'rap metal', 'rock']",77,"['Korn', 'System Of A Down', 'Drowning Pool']"
Taio Cruz,"['dance pop', 'pop', 'pop rap']",71,"['Flo Rida', 'Pitbull', 'will.i.am']"
Sturgill Simpson,"['alternative americana', 'kentucky roots', 'nashville singer-songwriter', 'new americana', 'outlaw country']",67,"['Charley Crockett', 'The Steeldrivers', 'Ryan Bingham']"
Deep Blue Something,['pop rock'],55,"['Tal Bachman', 'The Proclaimers', 'Eagle-Eye Cherry']"
Rihanna,"['barbadian pop', 'pop', 'urban contemporary']",92,"['Justin Timberlake', 'Beyoncé', 'Nicki Minaj']"
Lil Durk,"['chicago drill', 'chicago rap', 'drill', 'hip hop', 'pop rap', 'rap', 'trap']",82,"['Lil Baby', 'YoungBoy Never Broke Again', 'King Von']"
Chris Stapleton,"['contemporary country', 'outlaw country']",83,"['Luke Combs', 'Tyler Childers', 'Zach Bryan']"
Whiskey Myers,"['classic texas country', 'modern southern rock']",67,"['Cody Jinks', 'Josh Meloy', 'Southall']"
Joe Nichols,"['arkansas country', 'contemporary country', 'country', 'country road']",58,"['Clay Walker', 'Craig Morgan', 'Chris Janson']"
Van Morrison,"['classic rock', 'folk', 'folk rock', 'mellow gold', 'rock', 'singer-songwriter', 'soft rock']",75,"['Paul Simon', 'Yusuf / Cat Stevens', 'Otis Redding']"
MARINA,"['metropopolis', 'pop', 'pov: indie', 'uk alternative pop']",74,"['Melanie Martinez', 'Mother Mother', 'Sohodolls']"
George Ezra,"['folk-pop', 'neo-singer-songwriter']",75,"['Vance Joy', 'Train', 'Bastille']"
Weezer,"['alternative rock', 'modern power pop', 'modern rock', 'permanent wave', 'rock']",76,"['The Smashing Pumpkins', 'Nirvana', 'Green Day']"
The Foundations,['bubblegum pop'],64,"['Frankie Valli & The Four Seasons', 'The Monkees', 'The Beach Boys']"
Nate Smith,"['contemporary country', 'modern country pop']",74,"['Dylan Scott', 'Tyler Braden', 'Warren Zeiders']"
Caroline Polachek,"['art pop', 'escape room', 'indie pop', 'indietronica']",66,"['FKA twigs', 'A. G. Cook', 'Shygirl']"
Jo Dee Messina,"['country', 'country dawn', 'country road']",59,"['Sara Evans', 'Trisha Yearwood', 'Diamond Rio']"
Niska,"['french hip hop', 'pop urbaine', 'r&b francais']",74,"['Ninho', 'Koba LaD', 'Gradur']"
ELIO,"['alt z', 'electropop']",54,"['Julia Wolf', 'BAYLI', 'The Aces']"
6arelyhuman,"['krushclub', 'scenecore']",72,"['Pixel Hood', 'asteria', 'horrormovies']"
The Mamas & The Papas,"['classic rock', 'folk rock', 'mellow gold', 'psychedelic rock', 'rock', 'soft rock', 'sunshine pop']",70,"['Nancy Sinatra', 'The Animals', 'Don McLean']"
Katy Perry,['pop'],87,"['Kesha', 'Jessie J', 'Demi Lovato']"
Red Hot Chili Peppers,"['alternative rock', 'funk metal', 'funk rock', 'permanent wave', 'rock']",84,"['Foo Fighters', 'Nirvana', 'Green Day']"
Blondie,"['candy pop', 'new wave pop', 'permanent wave', 'power pop', 'rock', 'synthpop']",71,"['The Human League', 'Billy Idol', 'Soft Cell']"
Carly Rae Jepsen,"['canadian pop', 'dance pop', 'pop']",73,"['Jessie J', 'Katy Perry', 'WALK THE MOON']"
Eric Prydz,"['edm', 'electro house', 'house', 'pop dance', 'progressive electro house', 'progressive house']",66,"['Axwell', 'Steve Angello', 'Martin Solveig']"
REO Speedwagon,"['album rock', 'classic rock', 'glam metal', 'hard rock', 'mellow gold', 'rock', 'soft rock']",66,"['Cheap Trick', 'Foreigner', 'Heart']"
Kylie Minogue,"['australian dance', 'australian pop', 'dance pop', 'eurodance', 'new wave pop']",74,"['Madonna', 'Robyn', 'Sophie Ellis-Bextor']"
Kanye West,"['chicago rap', 'hip hop', 'rap']",93,"['Kendrick Lamar', 'A$AP Rocky', 'J. Cole']"
Dorian Electra,"['escape room', 'hyper-rock', 'hyperpop', 'pink noise', 'proto-hyperpop']",50,"['Alice Longyu Gao', 'Slayyyter', 'That Kid']"
George Michael,"['new wave pop', 'soft rock']",74,"['Bee Gees', 'Elton John', 'Spandau Ballet']"
Kansas,"['album rock', 'classic rock', 'hard rock', 'heartland rock', 'mellow gold', 'progressive rock', 'rock', 'soft rock']",68,"['Aerosmith', 'Foreigner', 'Journey']"
Soolking,"['french hip hop', 'pop urbaine', 'r&b francais', 'rap algerien']",71,"[""Heuss L'enfoiré"", 'GIMS', 'DYSTINCT']"
Eddy Arnold,"['classic country pop', 'nashville sound', 'traditional country', 'yodeling']",46,"['Ernest Tubb', 'Ferlin Husky', 'Webb Pierce']"
Rodney Atkins,"['contemporary country', 'country', 'country road']",67,"['Jake Owen', 'Chris Janson', 'Dierks Bentley']"
Hole,"['alternative rock', 'grunge', 'riot grrrl']",63,"['Veruca Salt', 'The Smashing Pumpkins', 'Bikini Kill']"
Fall Out Boy,"['emo', 'modern rock', 'pop', 'rock']",80,"['Panic! At The Disco', 'The All-American Rejects', 'All Time Low']"
52 minutes,['swiss'],19,"['Aïoli', 'Florian Montagne', ""L'Art À Tatouille""]"
Sia,['pop'],85,"['Ellie Goulding', 'Selena Gomez', 'Clean Bandit']"
Jimmy Buffett,['trop rock'],69,"['Willie Nelson', 'Zac Brown Band', 'The Marshall Tucker Band']"
Bailey Zimmerman,"['contemporary country', 'modern country pop']",76,"['ERNEST', 'Warren Zeiders', 'Morgan Wallen']"
Alan Jackson,['country'],74,"['Alabama', 'Brooks & Dunn', 'Toby Keith']"
Treaty Oak Revival,"['modern country pop', 'texas country']",75,"['Gavin Adcock', 'Koe Wetzel', 'Zach Top']"
OMI,['reggae fusion'],68,"['MAGIC!', 'Nico & Vinz', 'R. City']"
Modern Talking,"['europop', 'synthpop']",73,"['Ace of Base', 'Haddaway', 'Boney M.']"
Sammy Johns,"['folk', 'soft rock']",37,"['B.W. Stevenson', 'Firefall', 'Walter Egan']"
Zac Brown Band,"['contemporary country', 'country', 'country road', 'modern country rock']",73,"['Darius Rucker', 'Kenny Chesney', 'Eric Church']"
Florence + The Machine,"['baroque pop', 'modern rock', 'neo mellow', 'uk alternative pop']",78,"['Lorde', 'Hozier', 'Of Monsters and Men']"
Darlene Love,['seasonal'],48,"['The Fontane Sisters', 'Burl Ives', 'Bing Crosby']"
Céline Dion,['canadian pop'],77,"['Whitney Houston', 'Richard Marx', 'LeAnn Rimes']"
Gaspard Royant,['seasonal'],17,"['Grégory Louis', 'GWTG', 'Vanessa Contenay-Quinones']"
Royel Otis,['australian indie rock'],73,"['Good Neighbours', 'Richy Mitch & The Coal Miners', 'Lola Young']"
Michael Cera,"['canadian indie folk', 'small room']",57,"['Big Thief', 'The Moldy Peaches', 'Adrianne Lenker']"
The Lumineers,"['folk-pop', 'modern rock', 'neo mellow', 'stomp and holler']",80,"['Vance Joy', 'Mumford & Sons', 'Edward Sharpe & The Magnetic Zeros']"
Crossfade,"['alternative metal', 'nu metal', 'post-grunge']",62,"['Trapt', 'Staind', 'Chevelle']"
Jameson Rodgers,"['contemporary country', 'country pop', 'modern country pop', 'modern country rock']",55,"['Randy Houser', 'Chris Janson', 'HIXTAPE']"
Kito,['electra'],55,"['SG Lewis', 'GRACEY', 'EVAN GIIA']"
Foreigner,"['album rock', 'classic rock', 'glam metal', 'hard rock', 'mellow gold', 'rock', 'soft rock']",73,"['Journey', 'REO Speedwagon', 'Heart']"
Juice WRLD,"['chicago rap', 'melodic rap', 'rap']",88,"['Trippie Redd', 'XXXTENTACION', 'Lil Uzi Vert']"
Dion,"['adult standards', 'brill building pop', 'disco', 'quiet storm', 'soft rock', 'soul', 'vocal jazz']",63,"['Roberta Flack', 'Barbra Streisand', 'Natalie Cole']"
Ritchie Valens,"['rock-and-roll', 'rockabilly']",61,"['Dion & The Belmonts', 'The Penguins', 'Paul Anka']"
Avril Lavigne,"['canadian pop', 'candy pop', 'dance pop', 'pop']",78,"['Kelly Clarkson', 'P!nk', 'Simple Plan']"
Ravenna Golden,"['bubblegum bass', 'hyperpop']",37,"['Cake Pop', 'Glitch Gum', 'recovery girl']"
Mike Posner,"['dance pop', 'pop', 'pop dance', 'pop rap']",71,"['Calvin Harris', 'Flo Rida', 'John Newman']"
Rednex,"['eurodance', 'europop', 'swedish country']",60,"['Eiffel 65', 'O-Zone', 'Baha Men']"
Glen Campbell,"['adult standards', 'arkansas country', 'classic country pop', 'folk rock', 'mellow gold', 'nashville sound', 'singer-songwriter', 'soft rock']",62,"['Jim Croce', 'Gordon Lightfoot', 'John Denver']"
Luke Bryan,"['contemporary country', 'country', 'country road', 'modern country rock']",78,"['Blake Shelton', 'Jason Aldean', 'Tim McGraw']"
The Chicks,"['contemporary country', 'country', 'country dawn']",67,"['Little Big Town', 'Deana Carter', 'Jo Dee Messina']"
Kelsea Ballerini,"['contemporary country', 'country']",71,"['Carly Pearce', 'Maddie & Tae', 'Lauren Alaina']"
Colter Wall,"['canadian americana', 'canadian contemporary country', 'outlaw country', 'saskatchewan indie']",71,"['Tyler Childers', 'Brent Cobb', 'The Steeldrivers']"
Neil Diamond,"['adult standards', 'brill building pop', 'folk rock', 'mellow gold', 'singer-songwriter', 'soft rock', 'yacht rock']",69,"['Tom Jones', 'Roy Orbison', 'Rod Stewart']"
Thomas Rhett,"['contemporary country', 'country', 'country road', 'modern country rock']",75,"['Old Dominion', 'Jordan Davis', 'Dustin Lynch']"
Conner Smith,['modern country pop'],60,"['Dylan Marlowe', 'Kameron Marlowe', 'Ian Munsick']"
Florida Georgia Line,"['contemporary country', 'country', 'country pop', 'country road', 'modern country rock']",74,"['Sam Hunt', 'Luke Bryan', 'Jake Owen']"
John Mellencamp,"['album rock', 'classic rock', 'country rock', 'folk rock', 'hard rock', 'heartland rock', 'mellow gold', 'rock', 'singer-songwriter', 'soft rock']",66,"['Bob Seger', 'Tom Petty', 'Tom Petty and the Heartbreakers']"
Charles Wesley Godwin,['modern country pop'],65,"['Wyatt Flores', 'Flatland Cavalry', 'Colby Acuff']"
Dylan Brady,"['hyperpop', 'proto-hyperpop']",55,"['100 gecs', 'Laura Les', 'Gupi']"
Anna Kendrick,"['hollywood', 'movie tunes']",67,"['James Corden', 'Ron Funches', 'Kunal Nayyar']"
Sugar Pit,['alternative'],30,"['Um Jennifer?', 'Dim Wizard', 'Cheekface']"
USHER,"['atl hip hop', 'contemporary r&b', 'dance pop', 'pop', 'r&b', 'rap', 'south carolina hip hop', 'urban contemporary']",83,"['Ne-Yo', 'Nelly', 'Justin Timberlake']"
Jimmie Dale Gilmore,"['alternative country', 'austin singer-songwriter', 'classic texas country', 'outlaw country', 'roots rock']",28,[]
Jordan Davis,['contemporary country'],75,"['Tyler Hubbard', 'Thomas Rhett', 'Old Dominion']"
Cody Johnson,"['classic texas country', 'contemporary country', 'modern country pop']",77,"['Riley Green', 'Parker McCollum', 'Jon Pardi']"
Dua Lipa,"['dance pop', 'pop', 'uk pop']",88,"['Camila Cabello', 'Miley Cyrus', 'Ava Max']"
Aaron Watson,"['classic texas country', 'country road', 'red dirt', 'texas country']",52,"['Craig Campbell', 'Casey Donahew', 'Mike Ryan']"
King Harvest,['soft rock'],59,"['Looking Glass', 'Daryl Hall & John Oates', 'Maxine Nightingale']"
Billy Idol,"['album rock', 'classic rock', 'dance rock', 'hard rock', 'new romantic', 'new wave', 'new wave pop', 'rock', 'soft rock']",71,"['Duran Duran', 'Blondie', 'Men At Work']"
Toploader,['british alternative rock'],66,"['George Ezra', 'Train', 'Mark Ronson']"
Generation X,"['glam punk', 'punk']",51,"['The Romantics', 'Modern English', 'A Flock Of Seagulls']"
Tyler Hubbard,"['contemporary country', 'modern country pop']",67,"['Jordan Davis', 'Cole Swindell', 'Dustin Lynch']"
Kenny Loggins,"['album rock', 'classic rock', 'mellow gold', 'new wave pop', 'singer-songwriter', 'soft rock', 'yacht rock']",68,"['Journey', 'Huey Lewis & The News', 'Starship']"
Pastel Ghost,['dark synthpop'],67,"['Mareux', 'Sidewalks and Skeletons', 'Crystal Castles']"
Watchhouse,"['new americana', 'north carolina roots', 'progressive bluegrass', 'stomp and holler']",64,"['Trampled by Turtles', 'Caamp', 'Nathaniel Rateliff']"
All Time Low,"['modern rock', 'neon pop punk', 'pop punk']",71,"['We The Kings', 'The All-American Rejects', 'Mayday Parade']"
Magdalena Bay,['la pop'],69,"['A. G. Cook', 'Charli xcx', 'Caroline Polachek']"
Jordan Fletcher,['country pop'],34,"['Blake Henderson', 'Brian Fuller', 'Logan Crosby']"
Frankie Valli & The Four Seasons,"['adult standards', 'bubblegum pop', 'doo-wop', 'lounge', 'northern soul', 'rock-and-roll', 'rockabilly']",65,"['Four Tops', 'The Foundations', 'The Monkees']"
Tanya Tucker,"['country', 'country dawn', 'country road', 'outlaw country']",58,"['Conway Twitty', 'Mel McDaniel', 'George Jones']"
Luis Fonsi,"['latin pop', 'puerto rican pop']",75,"['Enrique Iglesias', 'CNCO', 'Shakira']"
Noah Kahan,"['pov: indie', 'singer-songwriter pop']",87,"['Kacey Musgraves', 'Zach Bryan', 'Chance Peña']"
VaporGod,['sped up'],59,"['Key Kelly', 'HR', 'Bread Beatz']"
Trey Lewis,['modern country pop'],53,"['HIXTAPE', 'Jameson Rodgers', 'Elvie Shane']"
Maddie & Tae,"['contemporary country', 'country', 'country road']",60,"['Carly Pearce', 'Lauren Alaina', 'RaeLynn']"
Lil Texas,['scene'],55,"['Pinotello', 'GPF', 'Unicorn On Ketamine']"
Riley Green,"['contemporary country', 'modern country pop']",77,"['Cody Johnson', 'Koe Wetzel', 'Zach Top']"
Schneiderwirt Trio,['zillertal'],26,"['Zillertal Pur', 'Tiroler Mander', 'JUHE aus Tirol']"
Jason Aldean,"['contemporary country', 'country', 'country road', 'modern country rock']",75,"['Eric Church', 'Luke Bryan', 'Chris Young']"
The All-American Rejects,"['alternative metal', 'modern rock', 'neo mellow', 'neon pop punk', 'pop punk', 'pop rock', 'post-grunge']",68,"['Good Charlotte', 'Jimmy Eat World', 'Bowling For Soup']"
Lainey Wilson,"['contemporary country', 'modern country pop']",76,"['Riley Green', 'Megan Moroney', 'Cody Johnson']"
Chet Atkins,['nashville sound'],50,"['Les Paul', 'Ry Cooder', 'Chris Barber']"
Band Aid,['musical advocacy'],45,['Queen', 'David Bowie', 'Paul McCartney']
Donatachi,"['australian electropop', 'bubblegum bass', 'hyperpop', 'pink noise', 'proto-hyperpop']",32,"['That Kid', 'Miss Madeline', 'Babymorocco']"
The Lovin' Spoonful,"['bubblegum pop', 'classic rock', 'country rock', 'folk', 'folk rock', 'mellow gold', 'psychedelic rock', 'rock-and-roll', 'soft rock']",58,"['The Monkees', 'The Beach Boys', 'Tommy James & The Shondells']"
Jackson Dean,['modern country pop'],57,"['Ian Munsick', 'Larry Fleet', 'Conner Smith']"
Crowded House,"['australian rock', 'permanent wave']",72,"['Fleetwood Mac', 'Carly Simon', 'Spandau Ballet']"
Elton John,"['glam rock', 'mellow gold', 'piano rock', 'rock']",84,"['Billy Joel', 'Bee Gees', 'Kiki Dee']"
Billy Currington,"['contemporary country', 'country', 'country road']",66,"['Dierks Bentley', 'Jake Owen', 'Eric Church']"
"Hamilton, Joe Frank & Reynolds","['bubblegum pop', 'soft rock']",42,"['Robert John', 'The Spiral Starecase', 'Pablo Cruise']"
Fleetwood Mac,"['album rock', 'classic rock', 'rock', 'soft rock', 'yacht rock']",83,"['Daryl Hall & John Oates', 'Billy Joel', 'Stevie Nicks']"
Queen,"['classic rock', 'glam rock', 'rock']",86,"['The Police', 'Aerosmith', 'a-ha']"
Simple Minds,"['album rock', 'dance rock', 'new romantic', 'new wave', 'new wave pop', 'rock', 'scottish new wave', 'soft rock']",68,"['INXS', 'Duran Duran', 'The Human League']"
The Human League,"['deathrock', 'gothic rock', 'horror punk']",37,"['Alien Sex Fiend', 'Specimen', 'Skeletal Family']"
-M-,"['chanson', 'french pop', 'french rock', 'nouvelle chanson francaise']",58,"['Gaël Faye', 'Olivia Ruiz', 'Brigitte']"
Neil Young,"['canadian singer-songwriter', 'classic canadian rock', 'classic rock', 'folk rock', 'mellow gold', 'permanent wave', 'rock', 'roots rock', 'singer-songwriter']",70,"['Bob Dylan', 'Crosby, Stills, Nash & Young', 'Crosby, Stills & Nash']"
Men At Work,"['album rock', 'australian rock', 'classic rock', 'hard rock', 'mellow gold', 'new romantic', 'new wave', 'new wave pop', 'rock', 'soft rock']",70,"['TOTO', 'The Police', 'Billy Idol']"
Ferlin Husky,['nashville sound'],42,"['Webb Pierce', 'Faron Young', 'Hank Snow']"
O-Zone,"['eurodance', 'europop', 'moldovan pop']",58,"['Eiffel 65', 'Scatman John', 'A Touch Of Class']"
Towa Bird,['pop'],52,"['Maude Latour', 'Sophie Truax', 'Devon Again']"
Bladee,"['cloud rap', 'drain', 'glitchcore', 'underground hip hop']",70,"['Ecco2k', 'Thaiboy Digital', '2hollis']"
The Cranberries,"['irish rock', 'pop rock', 'rock']",78,"['Sixpence None The Richer', 'No Doubt', 'The Cardigans']"
Eric Church,"['contemporary country', 'country', 'country road']",73,"['Kenny Chesney', 'Dierks Bentley', 'Billy Currington']"
Tracy Byrd,"['contemporary country', 'country', 'country road']",59,"['Sawyer Brown', 'Clay Walker', 'Diamond Rio']"
Gary Stewart,"['classic country pop', 'classic texas country', 'outlaw country']",46,"['Johnny Paycheck', 'John Conlee', 'Merle Haggard']"
Incubus,"['alternative metal', 'alternative rock', 'funk metal', 'funk rock', 'modern rock', 'nu metal', 'post-grunge', 'rock']",71,"['Bush', 'Audioslave', 'Stone Temple Pilots']"
Eddie Rabbitt,"['classic country pop', 'country', 'country rock', 'mellow gold', 'soft rock']",55,"['Ronnie Milsap', 'Johnny Lee', 'The Judds']"
Chris Rea,"['soft rock', 'sophisti-pop']",61,"['Tanita Tikaram', 'Bryan Ferry', 'Mike + The Mechanics']"
Bring Me The Horizon,"['melodic metalcore', 'metalcore', 'modern rock', 'rock', 'uk metalcore']",81,"['Bad Omens', 'Falling In Reverse', 'Motionless In White']"
A Boogie Wit da Hoodie,"['melodic rap', 'rap', 'trap']",80,"['Lil Baby', 'Polo G', 'YNW Melly']"
Koe Wetzel,"['classic texas country', 'modern country pop']",75,"['Treaty Oak Revival', 'Gavin Adcock', 'Riley Green']"
The Kentucky Headhunters,"['classic country pop', 'country', 'country rock', 'kentucky roots', 'southern rock']",46,"['Confederate Railroad', 'Marty Stuart', 'The Tractors']"
David Lee Murphy,"['country', 'country road']",57,"['Chris Janson', 'Joe Nichols', 'Billy Currington']"
Sexion d'Assaut,"['french hip hop', 'french pop', 'pop urbaine', 'rap conscient']",60,"['Black M', 'Youssoupha', ""Diam's""]"
"Tyler, The Creator","['hip hop', 'rap']",88,"['Childish Gambino', 'Steve Lacy', 'Kendrick Lamar']"
CYPARISS,"['anime phonk', 'chill phonk']",54,"['glichery', 'Wilee', 'KUTE']"
asteria,['dariacore'],67,"['kets4eki', '6arelyhuman', 'horrormovies']"
Instupendo,['weirdcore'],58,"['TileKid', 'Hisohkah', 'reidenshi']"
Jerry Reed,"['classic country pop', 'country', 'country rock']",56,"['C.W. McCall', 'The Highwaymen', 'Waylon Jennings']"
Stevie Nicks,['heartland rock'],67,"['Fleetwood Mac', 'Heart', 'Pat Benatar']"
Mom Jeans.,"['alternative emo', 'diy emo', 'emo', 'indie punk', 'north carolina emo']",60,"['Modern Baseball', 'Free Throw', 'Joyce Manor']"
Kathy Mattea,"['classic country pop', 'country', 'country rock', 'deep contemporary country']",45,"['Patty Loveless', 'David Frizzell', 'Shelly West']"
Vegedream,"['french hip hop', 'pop urbaine', 'r&b francais']",64,"['Soolking', 'Aya Nakamura', 'Marwa Loud']"
MIKA,['electropop'],66,"['fun.', 'Mark Ronson', 'P!nk']"
Traveling Wilburys,"['album rock', 'beatlesque', 'classic rock', 'country rock', 'folk', 'folk rock', 'mellow gold', 'rock', 'singer-songwriter', 'soft rock', 'supergroup']",59,"['Bachman-Turner Overdrive', 'Jackson Browne', 'The Byrds']"
Djo,"['pov: indie', 'psychedelic pop']",76,"['Billie Eilish', 'd4vd', 'Richy Mitch & The Coal Miners']"
Daft Punk,"['electro', 'filter house', 'rock']",82,"['Gorillaz', 'MGMT', 'Julian Casablancas']"
Depeche Mode,"['dance rock', 'new romantic', 'new wave', 'permanent wave', 'rock', 'synthpop']",75,"['New Order', 'Duran Duran', 'The Cure']"
Metallica,"['hard rock', 'metal', 'old school thrash', 'rock', 'thrash metal']",84,"['Ozzy Osbourne', 'Black Sabbath', 'Iron Maiden']"
Sabrina Carpenter,['pop'],95,"['Chappell Roan', 'Addison Rae', 'Lady Gaga']"
Cascada,"['eurodance', 'europop', 'german techno', 'melbourne bounce international']",68,"['Basshunter', 'A Touch Of Class', 'Taio Cruz']"
Eli Young Band,"['classic texas country', 'contemporary country', 'country', 'country road', 'heartland rock']",59,"['Jake Owen', 'Billy Currington', 'Dierks Bentley']"
Richy Mitch & The Coal Miners,['modern folk rock'],74,"['Chance Peña', 'Lord Huron', 'Djo']"
Neon Trees,"['modern rock', 'neo mellow', 'pop rock', 'pov: indie']",66,"['GROUPLOVE', 'Fitz and The Tantrums', 'fun.']"
Tears For Fears,"['new romantic', 'new wave', 'new wave pop', 'permanent wave', 'rock', 'sophisti-pop', 'synthpop']",75,"['a-ha', 'Duran Duran', 'The Police']"
Bryan Martin,['modern country pop'],70,"['Warren Zeiders', 'HARDY', 'Josh Meloy']"
Hailey Whitters,"['contemporary country', 'country pop', 'modern country pop']",56,"['Ian Munsick', 'Tyler Hubbard', 'Cole Swindell']"
ZEG P,['french rap'],49,"['No Limit', 'GAULOIS', 'Dubzyy']"
The Red Jumpsuit Apparatus,"['alternative metal', 'neon pop punk', 'pop punk', 'post-grunge', 'screamo']",65,"['Yellowcard', 'The All-American Rejects', 'A Day To Remember']"
Mazzy Star,"['dream pop', 'melancholia', 'shoegaze', 'slowcore']",72,"['Jeff Buckley', 'Father John Misty', 'Beach House']"
Nikki Lane,"['alternative country', 'new americana', 'outlaw country']",46,"['S.G. Goodman', 'Margo Price', 'The Unrighteous Brothers']"
The Pogues,"['celtic punk', 'celtic rock', 'folk punk', 'punk']",57,"['Shane MacGowan & The Popes', 'The Dubliners', 'The Waterboys']"
Seether,"['alternative metal', 'nu metal', 'post-grunge', 'south african rock']",71,"['Godsmack', 'Shinedown', 'Saliva']"
Slow Pulp,"['bubblegrunge', 'chicago indie', 'countrygaze', 'midwest shoegaze', 'nu gaze']",58,"['Tanukichan', 'Indigo De Souza', 'Fog Lake']"
Lil Peep,"['cloud rap', 'emo rap', 'lgbtq+ hip hop']",85,"['Lil Tracy', 'Nedarb', 'Horse Head']"
Conan Gray,"['bedroom pop', 'pop', 'pov: indie']",80,"['Olivia Rodrigo', 'girl in red', 'Ashe']"
Chris Young,"['contemporary country', 'country', 'country road']",67,"['Cole Swindell', 'Scotty McCreery', 'Dustin Lynch']"
1017 ALYX 9SM,"['countrygaze', 'indie pop', 'modern dream pop']",39,"['Ethel Cain', 'Rozie Ramati', 'Isaiah Rusk']"
Rascal Flatts,"['contemporary country', 'country', 'country road']",70,"['Carrie Underwood', 'Florida Georgia Line', 'Darius Rucker']"
Sum 41,"['alternative metal', 'canadian pop punk', 'canadian punk', 'modern rock', 'pop punk', 'post-grunge', 'punk', 'rock']",74,"['blink-182', 'Good Charlotte', 'Rise Against']"
d4vd,"['bedroom pop', 'bedroom r&b']",80,"['Hotel Ugly', 'Cafuné', 'The Walters']"
José Feliciano,"['latin pop', 'puerto rican pop']",63,"['Gloria Estefan', 'Julio Iglesias', 'José Luis Perales']"
Chappell Roan,['indie pop'],90,"['Sabrina Carpenter', 'Charli xcx', 'Addison Rae']"
Alice Gas,"['glitchcore', 'hyperpop']",38,"['Maple', 'Fraxiom', 'Gupi']"
Beastie Boys,"['alternative rock', 'east coast hip hop', 'golden age hip hop', 'hip hop', 'old school hip hop', 'rap', 'rap rock', 'rock']",70,"['Rage Against The Machine', 'The Presidents Of The United States Of America', 'Public Enemy']"
Nitty Gritty Dirt Band,['country rock'],62,"['Alabama', 'Toby Keith', 'Randy Travis']"
Irene Cara,"['disco', 'new romantic', 'new wave pop', 'soft rock']",65,"['Culture Club', 'The Pointer Sisters', 'Bonnie Tyler']"
Cole Swindell,"['contemporary country', 'country', 'country road', 'modern country rock']",66,"['Dustin Lynch', 'Chris Young', 'Scotty McCreery']"
Kacey Musgraves,"['classic texas country', 'contemporary country', 'country dawn']",77,"['Zach Bryan', 'Noah Kahan', 'Maggie Rogers']"
American Football,"['alternative emo', 'dreamo', 'emo', 'math rock', 'midwest emo']",56,"['Title Fight', 'Sunny Day Real Estate', 'Marietta']"
Buffalo Springfield,"['album rock', 'blues rock', 'classic rock', 'country rock', 'folk', 'folk rock', 'mellow gold', 'psychedelic rock', 'rock', 'soft rock', 'southern rock']",65,"['Stealers Wheel', 'Faces', 'Canned Heat']"
Testament,"['alternative metal', 'groove metal', 'hard rock', 'metal', 'old school thrash', 'thrash metal']",60,"['Slayer', 'Exodus', 'Megadeth']"
Papa Roach,"['alternative metal', 'nu metal', 'rap metal', 'rap rock', 'rock']",74,"['Three Days Grace', 'Seether', 'Rise Against']"
Rod Stewart,"['mellow gold', 'soft rock']",74,"['Joe Cocker', 'Chicago', 'Paul Young']"
Randy Travis,"['contemporary country', 'country', 'country gospel', 'country road']",66,"['John Michael Montgomery', 'Travis Tritt', 'George Strait']"
Labrinth,"['indie poptimism', 'pop']",78,"['The Neighbourhood', 'Noah Cyrus', 'Lykke Li']"
Gene Watson,['classic country pop'],45,"['Moe Bandy', 'Vern Gosdin', 'Johnny Rodriguez']"
Sufjan Stevens,"['art pop', 'baroque pop', 'chamber pop', 'indie pop', 'indie rock', 'singer-songwriter']",72,"['St. Vincent', 'Phoebe Bridgers', 'Bon Iver']"
Korn,"['alternative metal', 'funk metal', 'hard rock', 'nu metal', 'post-grunge', 'rap metal', 'rock']",78,"['Slipknot', 'System Of A Down', 'Limp Bizkit']"
Punkinloveee,['scenecore'],56,"['siouxxie sixxsta', 'kojo', 'Pixel Hood']"
Lynyrd Skynyrd,"['album rock', 'classic rock', 'hard rock', 'rock', 'southern rock']",73,"['Creedence Clearwater Revival', 'ZZ Top', 'Steppenwolf']"
Tom Petty,"['album rock', 'classic rock', 'hard rock', 'heartland rock', 'mellow gold', 'rock', 'singer-songwriter', 'soft rock']",71,"['Tom Petty and the Heartbreakers', 'Bob Seger', 'Steve Miller Band']"
Ella Fitzgerald,"['adult standards', 'jazz', 'jazz blues', 'soul', 'swing', 'vocal jazz']",69,"['Billie Holiday', 'Sarah Vaughan', 'Julie London']"
Manuel,"['colombian pop', 'latin pop', 'reggaeton', 'reggaeton colombiano', 'trap latino', 'urbano latino']",84,"['KAROL G', 'Maluma', 'Sebastian Yatra']"
bugcried,['pink noise'],43,"['zbxa', 'Tila Tsoli', 'Sophiaaaahjkl;8901']"
PSY,"['k-rap', 'korean old school hip hop']",64,"['BLACKPINK', 'MOMOLAND', 'JISOO']"
Phoebe Bridgers,"['indie pop', 'la indie', 'pov: indie']",79,"['boygenius', 'Sufjan Stevens', 'Lucy Dacus']"
Grimes,"['art pop', 'canadian electropop', 'grave wave', 'indietronica', 'metropopolis', 'neo-synthpop']",69,"['Crystal Castles', 'Com Truise', 'Yeah Yeah Yeahs']"
Sam Barber,['modern country pop'],71,"['Dylan Gossett', 'Josh Meloy', 'Waylon Wyatt']"
ZZ Top,"['album rock', 'blues rock', 'classic rock', 'hard rock', 'rock']",72,"['Lynyrd Skynyrd', 'Steppenwolf', 'Van Halen']"
Milli Vanilli,"['freestyle', 'new jack swing', 'new wave pop']",71,"['Crowded House', 'Cyndi Lauper', 'Alphaville']"
Cyndi Lauper,"['dance pop', 'new wave pop', 'permanent wave', 'soft rock']",73,"['Culture Club', 'Bonnie Tyler', 'The Bangles']"
Mötley Crüe,"['album rock', 'alternative metal', 'glam metal', 'hard rock', 'metal', 'rock', 'sleaze rock']",72,"['Ozzy Osbourne', 'Quiet Riot', 'Skid Row']"
Laura Branigan,"['new romantic', 'new wave pop', 'soft rock', 'synthpop']",64,"['F.R. David', 'Baltimora', 'Irene Cara']"
Huncho Jack,"['melodic rap', 'trap']",58,"['A$AP Mob', 'Famous Dex', 'Smokepurpp']"
Blake Shelton,"['classic oklahoma country', 'contemporary country', 'country', 'country road']",73,"['Tim McGraw', 'Luke Bryan', 'Thomas Rhett']"
Dierks Bentley,"['contemporary country', 'country', 'country road']",68,"['Jake Owen', 'Kenny Chesney', 'Chris Janson']"
Buck Owens & The Buckaroos,['bakersfield sound'],37,"['Webb Pierce', 'Buck Owens', 'Faron Young']"
Flo Rida,"['dance pop', 'miami hip hop', 'pop', 'pop rap']",81,"['Pitbull', 'Taio Cruz', 'AFROJACK']"
The Knack,"['album rock', 'classic rock', 'hard rock', 'mellow gold', 'new wave', 'new wave pop', 'power pop', 'soft rock']",55,"['Steppenwolf', 'Boston', 'Blondie']"
Little Richard,"['blues', 'rock-and-roll', 'rockabilly', 'soul']",59,"['Chuck Berry', 'Eddie Cochran', 'Jerry Lee Lewis']"
Suki Waterhouse,['indie pop'],72,"['Clairo', 'girl in red', 'Phoebe Bridgers']"
George Harrison,"['album rock', 'classic rock', 'folk rock', 'mellow gold', 'rock', 'singer-songwriter', 'soft rock']",69,"['Wings', 'Paul McCartney', 'The Beatles']"
Jerry Lee Lewis,"['piano rock', 'rock-and-roll', 'rockabilly']",59,"['Chuck Berry', 'Little Richard', 'Bill Haley & His Comets']"
Whitney Houston,"['dance pop', 'pop']",78,"['Lionel Richie', 'Céline Dion', 'Diana Ross']"
Lorde,"['art pop', 'metropopolis', 'nz pop', 'pop']",78,"['Florence + The Machine', 'Hozier', 'Lana Del Rey']"
Steve Earle,"['alternative country', 'classic texas country', 'country rock', 'folk', 'heartland rock', 'outlaw country', 'roots rock', 'singer-songwriter']",60,"['Waylon Jennings', 'The Highwaymen', 'Willie Nelson']"
Parker McCollum,"['classic texas country', 'contemporary country', 'modern country pop', 'texas country']",68,"['Muscadine Bloodline', 'Cody Johnson', 'Riley Green']"
Jeannie C. Riley,['classic country pop'],46,"['Loretta Lynn', 'Charlie Rich', 'Tammy Wynette']"
Chief Keef,"['chicago bop', 'chicago drill', 'chicago rap', 'drill', 'hip hop', 'rap', 'trap']",78,"['Tay-K', 'Young Nudy', 'Lil Yachty']"
Laura Les,"['glitchcore', 'hyperpop', 'proto-hyperpop', 'transpop']",55,"['Dylan Brady', '100 gecs', 'siouxxie sixxsta']"
Sam Smith,"['pop', 'uk pop']",84,"['Adele', 'Ed Sheeran', 'John Legend']"
George Jones,"['classic country pop', 'country', 'country rock', 'honky tonk']",63,"['Merle Haggard', 'Conway Twitty', 'Dwight Yoakam']"
Guy Mitchell,['deep adult standards'],41,"['Jerry Burnham', 'Don Burnham', 'Kay Kyser']"
Diplo,"['dance pop', 'edm', 'electro house', 'moombahton', 'pop dance']",79,"['Marshmello', 'Post Malone', 'Loud Luxury']"
Loverboy,"['album rock', 'classic canadian rock', 'classic rock', 'glam metal', 'hard rock', 'mellow gold', 'soft rock']",56,"['Cheap Trick', 'Eddie Money', 'Asia']"
Misfits,"['horror punk', 'new jersey hardcore', 'new jersey punk', 'punk']",67,"['Dead Kennedys', 'Suicidal Tendencies', 'Descendents']"
unshackled,['metal'],45,"['932sounds', 'Ren0wned', 'GERXMVP']"
Gene Autry,"['classic oklahoma country', 'cowboy western', 'traditional country', 'yodeling']",50,"['Burl Ives', 'Gayla Peevey', 'The Fontane Sisters']"
The Beatles,"['british invasion', 'classic rock', 'merseybeat', 'psychedelic rock', 'rock']",86,"['John Lennon', 'Paul McCartney', 'George Harrison']"
Gretchen Wilson,"['contemporary country', 'country', 'country dawn', 'country road']",56,"['Sara Evans', 'Jo Dee Messina', 'John Michael Montgomery']"
Orville Peck,"['alternative country', 'queer country']",61,"['Sierra Ferrell', 'Allison Russell', 'Goldie Boutilier']"
Outkast,"['atl hip hop', 'dirty south rap', 'hip hop', 'old school atlanta hip hop', 'rap', 'southern hip hop']",77,"['The Notorious B.I.G.', 'JAY-Z', 'Snoop Dogg']"
Stephen Sanchez,['gen z singer-songwriter'],76,"['Em Beihold', 'New West', 'JVKE']"
Creed,"['alternative metal', 'nu metal', 'post-grunge', 'rock']",74,"['Staind', '3 Doors Down', 'Puddle Of Mudd']"
Ricky Skaggs,"['bluegrass', 'bluegrass gospel', 'classic country pop', 'country rock', 'mandolin', 'old-time']",50,"['Marty Stuart', 'Earl Scruggs', 'The Oak Ridge Boys']"
The Highwaymen,"['country', 'country rock', 'outlaw country']",63,"['Willie Nelson', 'Waylon Jennings', 'Johnny Cash']"
Oesch's die Dritten,['alpine yodeling'],39,"['Die Mayrhofner', 'Zillertaler Schürzenjäger', 'Slavko Avsenik und seine Original Oberkrainer']"
Pat Benatar,"['album rock', 'classic rock', 'glam metal', 'hard rock', 'mellow gold', 'new romantic', 'new wave pop', 'rock', 'singer-songwriter', 'soft rock']",64,"['Heart', 'Cheap Trick', 'REO Speedwagon']"
Sam & Dave,"['classic soul', 'memphis soul', 'soul', 'southern soul']",60,"['Wilson Pickett', ""Booker T. & the M.G.'s"", 'Barrett Strong']"
Bonnie Tyler,"['europop', 'new wave pop', 'soft rock']",70,"['Cyndi Lauper', 'Irene Cara', 'a-ha']"
Michael Bublé,"['adult standards', 'canadian pop', 'jazz pop', 'lounge']",76,"['Natalie Cole', 'Haley Reinhart', 'Jason Mraz']"
Bob Seger,"['album rock', 'classic rock', 'country rock', 'detroit rock', 'hard rock', 'heartland rock', 'mellow gold', 'rock', 'singer-songwriter', 'soft rock']",70,"['John Mellencamp', 'Steve Miller Band', 'Tom Petty']"
Tiësto,"['big room', 'brostep', 'dutch edm', 'edm', 'house', 'pop dance', 'progressive electro house', 'slap house', 'trance']",84,"['MEDUZA', 'David Guetta', 'Alok']"
Eagles,"['album rock', 'classic rock', 'heartland rock', 'mellow gold', 'rock', 'soft rock', 'yacht rock']",77,"['America', 'The Doobie Brothers', 'Billy Joel']"
Kate Bush,"['art pop', 'art rock', 'baroque pop', 'new wave pop', 'permanent wave', 'piano rock', 'singer-songwriter']",72,"['The Cardigans', 'Tears For Fears', 'Mitski']"
Damso,"['belgian hip hop', 'french hip hop', 'pop urbaine', 'r&b francais', 'rap belge', 'rap conscient']",74,"['Josman', 'Dinos', 'Nekfeu']"
Eric Carmen,"['new wave pop', 'soft rock', 'yacht rock']",64,"['Jennifer Warnes', 'Patrick Swayze', 'Bill Medley']"
Def Leppard,"['album rock', 'classic rock', 'glam metal', 'hard rock', 'nwobhm', 'rock']",71,"['Poison', 'Warrant', 'Whitesnake']"
OneRepublic,"['piano rock', 'pop']",85,"['Imagine Dragons', 'Maroon 5', 'Bastille']"
Billy Joe Shaver,"['classic texas country', 'outlaw country']",42,"['Jerry Jeff Walker', 'Dale Watson', 'Luke Bell']"
Four Tops,"['classic soul', 'disco', 'motown', 'quiet storm', 'soul']",65,"['The Supremes', 'Jackie Wilson', 'Frankie Valli & The Four Seasons']"
Crapface,"['bubblegum bass', 'proto-hyperpop']",19,"['digifae', 'recovery girl', 'Gameboi']"
Jon Wolfe,"['classic texas country', 'red dirt']",42,"['Josh Ward', 'Triston Marez', 'Kyle Park']"
Patsy Cline,"['country', 'nashville sound']",62,"['The Jordanaires', 'Ricky Nelson', 'Tammy Wynette']"
The Clash,"['alternative rock', 'permanent wave', 'punk', 'rock']",72,"['Iggy Pop', 'David Bowie', 'The Rolling Stones']"
The Beach Boys,"['baroque pop', 'classic rock', 'folk rock', 'mellow gold', 'psychedelic rock', 'rock', 'singer-songwriter', 'sunshine pop']",73,"['The Monkees', ""The Lovin' Spoonful"", 'Frankie Valli & The Four Seasons']"
Sonny & Cher,"['adult standards', 'bubblegum pop', 'folk', 'folk rock', 'mellow gold', 'rock-and-roll', 'rockabilly', 'singer-songwriter', 'soft rock']",53,"['Petula Clark', 'Bruce Channel', 'The Drifters']"
Boy Fantasy,"['pink noise', 'scenecore']",48,"['Aidan Swank', 'Nosgov', 'Vampyx']"
Muki,['indie pop'],68,"['DECO*27', 'Giga', 'Maretu']"
Tim McGraw,"['contemporary country', 'country', 'country road']",74,"['Blake Shelton', 'Eric Church', 'Kenny Chesney']"
Icona Pop,"['candy pop', 'dance pop', 'electropop', 'metropopolis', 'swedish electropop', 'swedish synthpop']",68,"['will.i.am', 'Kesha', 'LMFAO']"
Rosa Walton,['electronic'],60,"['IBDY', 'RAT BOY', 'Edwards Archive']"
Stonewall Jackson,"['classic country pop', 'honky tonk', 'western swing']",36,"['Wynn Stewart', 'Del Reeves', 'Charlie Walker']"
Bing Crosby,"['adult standards', 'easy listening', 'lounge', 'swing']",62,"['Burl Ives', 'Andy Williams', 'Gene Autry']"
Rebzyyx,['emo'],65,"['Rebzyyx', 'hoshie star', 'horrormovies']"
Simple Plan,"['canadian pop punk', 'canadian punk', 'canadian rock', 'modern rock', 'neon pop punk', 'pop punk', 'pop rock']",70,"['We The Kings', 'Good Charlotte', 'The All-American Rejects']"
Mack Allen Smith,['country'],26,"['Eddie Noack', 'Wayne Hancock', 'Sanford Clark']"
My Chemical Romance,"['emo', 'modern rock', 'pop punk', 'pov: indie', 'rock']",80,"['Paramore', 'Pierce The Veil', 'Green Day']"
Megan Moroney,"['contemporary country', 'modern country pop']",77,"['Lainey Wilson', 'Ella Langley', 'Riley Green']"
Jason Mraz,"['acoustic pop', 'dance pop', 'neo mellow', 'pop']",73,"['Colbie Caillat', 'John Legend', 'Ed Sheeran']"
Alabama,"['contemporary country', 'country', 'country road', 'country rock']",67,"['Travis Tritt', 'Toby Keith', 'Brooks & Dunn']"
LyteSpeed,['scenecore'],39,"['KidSnorlax', 'syris', 'xofilo']"
Blaketheman1000,['indie'],24,"['May Rio', 'Astra King', 'Mana Garden']"
Da Tweekaz,"['classic hardstyle', 'euphoric hardstyle']",62,"['Coone', 'Brennan Heart', 'Ran-D']"
Clay Walker,"['contemporary country', 'country', 'country road']",58,"['Joe Nichols', 'Tracy Byrd', 'Trace Adkins']"
Gordon Lightfoot,"['canadian country', 'canadian singer-songwriter', 'classic rock', 'country rock', 'folk', 'folk rock', 'mellow gold', 'singer-songwriter', 'soft rock']",62,"['Jackson Browne', 'Jim Croce', 'Crosby, Stills & Nash']"
Yusuf / Cat Stevens,"['british folk', 'classic rock', 'folk', 'folk rock', 'mellow gold', 'singer-songwriter', 'soft rock']",71,"['Simon & Garfunkel', 'Bob Dylan', 'Van Morrison']"
Z'Hansrüedi,['mundart'],32,"['ChueLee', 'Urchig', ""Franz Arnold's Wiudä Bärg""]"
SOPHIE,"['art pop', 'bubblegum bass', 'deconstructed club', 'escape room', 'hyperpop', 'proto-hyperpop', 'transpop']",60,"['A. G. Cook', 'Cecile Believe', 'Shygirl']"
Phil Collins,"['rock drums', 'soft rock']",78,"['Bryan Adams', 'TOTO', 'Foreigner']"
Matt Maltese,"['indie anthem-folk', 'indie pop', 'pov: indie']",69,"['Strawberry Guy', 'Oscar Lang', 'Vansire']"
Black Sabbath,"['album rock', 'alternative metal', 'birmingham metal', 'classic rock', 'hard rock', 'metal', 'rock', 'stoner rock', 'uk doom metal']",74,"['Ozzy Osbourne', 'Metallica', 'Iron Maiden']"
Charley Pride,"['classic country pop', 'country', 'country rock', 'nashville sound']",55,"['Don Williams', 'The Oak Ridge Boys', 'George Jones']"
Boyish,['indie pop'],40,"['girlpuppy', 'Chrissy', 'SOMOH']"
Brothers Osborne,"['contemporary country', 'country', 'country road', 'modern country rock', 'modern southern rock']",62,"['Dierks Bentley', 'Chris Janson', 'Eric Church']"
Roma Radz,['pink noise'],11,"['Euvn', 'cookii', 'Gameboi']"
Don Williams,"['classic country pop', 'country']",62,"['Charley Pride', 'Vince Gill', 'Conway Twitty']"
Travis Tritt,"['contemporary country', 'country', 'country road', 'outlaw country']",66,"['Alabama', 'Toby Keith', 'Brooks & Dunn']"
Perry Como,"['adult standards', 'easy listening']",60,"['Andy Williams', 'Dean Martin', 'Brenda Lee']"
Ronan Keating,"['europop', 'talent show']",62,"['Take That', 'Boyzone', 'Wet Wet Wet']"
Andy Williams,"['adult standards', 'easy listening']",61,"['Perry Como', 'Bing Crosby', 'Brenda Lee']"
Jean-Jacques Goldman,"['chanson', 'french pop']",62,"['Michael Jones', 'Johnny Hallyday', 'Florent Pagny']"
Eyedress,"['noise pop', 'pov: indie']",77,"['TV Girl', 'Dent May', 'Yot Club']"
Caesars,['swedish indie rock'],56,"['Franz Ferdinand', 'The Fratellis', 'The White Stripes']"
Evan Honer,['folk'],65,"['Julia DiGrazia', 'Dylan Gossett', 'Sam Barber']"
Rick Springfield,"['album rock', 'australian rock', 'classic rock', 'glam metal', 'hard rock', 'mellow gold', 'new romantic', 'new wave pop', 'soft rock', 'yacht rock']",64,"['Pat Benatar', 'The J. Geils Band', 'Journey']"
Bobby Helms,['seasonal'],56,"['The Fontane Sisters', 'Burl Ives', 'Gene Autry']"
Daryl Hall & John Oates,"['album rock', 'classic rock', 'mellow gold', 'rock', 'singer-songwriter', 'soft rock', 'yacht rock']",77,"['Billy Joel', 'Fleetwood Mac', 'Electric Light Orchestra']"
Frank Sinatra,"['adult standards', 'easy listening', 'lounge']",79,"['Louis Armstrong', 'Nat King Cole', 'Dean Martin']"
Joe Diffie,"['classic oklahoma country', 'contemporary country', 'country', 'country road']",61,"['Tracy Byrd', 'Travis Tritt', 'Shenandoah']"
Chuck Berry,"['blues', 'blues rock', 'classic rock', 'rock', 'rock-and-roll', 'rockabilly', 'soul']",68,"['Little Richard', 'Jerry Lee Lewis', 'Creedence Clearwater Revival']"
Lorenz Büffel,"['discofox', 'partyschlager']",56,"['Mickie Krause', 'Mia Julia', 'Ikke Hüftgold']"
Third Eye Blind,"['alternative metal', 'alternative rock', 'pop rock', 'post-grunge']",66,"['Lit', 'Everclear', 'Jimmy Eat World']"
No Doubt,"['dance pop', 'dance rock', 'permanent wave', 'pop rock', 'rock']",70,"['The Cranberries', 'The Cardigans', 'Blondie']"
Black Eyed Peas,"['dance pop', 'pop', 'pop rap']",81,"['Pitbull', 'Flo Rida', 'will.i.am']"
Patrick Bouchitey,['chanson humoristique'],5,"['Patachtouille', ""DJ Têtard l'ami des marmots"", 'Jean-Pierre Jaubert']"
MGMT,"['alternative rock', 'indie rock', 'indietronica', 'modern rock', 'rock']",75,"['Tame Impala', 'Foster The People', 'Empire Of The Sun']"
Clint Black,"['contemporary country', 'country', 'country road']",59,"['John Anderson', 'Mark Chesnutt', 'Sawyer Brown']"
Roger Miller,"['classic country pop', 'classic oklahoma country', 'nashville sound']",54,"['Hank Williams', 'June Carter Cash', 'Jimmy Dean']"
Gameboi,"['bubblegum bass', 'pink noise']",24,"['CXLE', 'That Kid', 'Mel 4Ever']"
Sixpence None The Richer,"['lilith', 'pop rock']",70,"['The Cranberries', 'Natalie Imbruglia', ""The La's""]"
Roy Bee,['nightcore'],53,"['Lucky Twice', 'Discotronic', 'PAYWALL']"
BL3SS,['pop'],70,"['CamrinWatsin', 'Badger', 'Jazzy']"
Luci4,['sigilkore'],57,"['Kempachii', 'Axxad', 'kaystrueno']"
Gigi D'Agostino,"['eurodance', 'italo dance']",72,"['Guru Josh Project', 'A Touch Of Class', 'La Bouche']"
Indochine,"['chanson', 'french pop', 'french rock', 'french synthpop']",64,"['Calogero', 'Julien Doré', 'Jean-Louis Aubert']"
3OH!3,"['dance pop', 'electropowerpop', 'pop punk', 'pop rap', 'post-teen pop']",64,"['Cobra Starship', 'Metro Station', 'The All-American Rejects']"
Girls Rituals,['weirdcore'],36,"['Mom', 'Devi McCallion', 'Cats Millionaire']"
La Bande à Basile,['chanson paillarde'],28,"[""Defer et s'n'orchess'"", 'Bézu', 'Patrick Sébastien']"
Manau,['rap conscient'],49,"['Louise Attaque', 'Partenaire Particulier', 'Images']"
Modjo Band,"['disco house', 'filter house']",65,"['Benjamin Diamond', 'Stardust', 'Alan Braxe']"
David Bowie,"['art rock', 'classic rock', 'glam rock', 'permanent wave', 'rock']",78,"['Talking Heads', 'The Rolling Stones', 'The Doors']"
Wham!,"['new romantic', 'new wave', 'new wave pop', 'soft rock']",71,"['Rick Astley', 'ABBA', 'a-ha']"
TAL,['singer-songwriter pop'],57,"['Lily Meola', 'Micky', 'Chayce Beckham']"
Les Prêtres,['pop'],22,"['Vincent Niclo', 'Amaury Vassili', 'Tony Bredelet']"
Images,"['chanson', 'classic french pop', 'french pop']",46,"['Partenaire Particulier', 'Début De Soirée', 'Jean-Pierre Mader']"
Michel Sardou,"['chanson', 'french pop']",58,"['Johnny Hallyday', 'Patrick Bruel', 'Pierre Bachelet']"
Patrick Sébastien,['chanson paillarde'],43,"['Sébastien Patoche', 'Ricoune', 'La Bande à Basile']"
Dean Martin,"['adult standards', 'easy listening', 'lounge', 'vocal jazz']",70,"['Nat King Cole', 'Bobby Darin', 'Frank Sinatra']"
Mt. Joy,"['pov: indie', 'stomp and holler']",72,"['Caamp', 'Briston Maroney', 'Houndmouth']"
The Bellamy Brothers,"['classic country pop', 'country', 'country rock']",61,"['Eddie Rabbitt', 'Kenny Rogers', 'Lynn Anderson']"
Chubby Checker,"['rock-and-roll', 'rockabilly']",57,"['Bill Haley & His Comets', 'The Archies', 'Roy Orbison']"
Avicii,"['dance pop', 'edm', 'pop', 'pop dance']",82,"['Martin Garrix', 'The Chainsmokers', 'Axwell /\\ Ingrosso']"
Joe Walsh,"['album rock', 'blues rock', 'classic rock', 'country rock', 'hard rock', 'heartland rock', 'mellow gold', 'rock', 'singer-songwriter', 'soft rock', 'southern rock']",56,"['Allman Brothers Band', 'Grand Funk Railroad', 'Bad Company']"
John Michael Montgomery,"['contemporary country', 'country', 'country road']",61,"['Diamond Rio', 'Travis Tritt', 'Joe Nichols']"
Good Charlotte,"['alternative metal', 'modern rock', 'neon pop punk', 'pop punk', 'pop rock', 'post-grunge']",67,"['The All-American Rejects', 'Jimmy Eat World', 'blink-182']"
Ellie Goulding,"['indietronica', 'metropopolis', 'pop', 'uk pop']",80,"['Sia', 'Zara Larsson', 'Bebe Rexha']"
underscores,['hyperpop'],51,"['Frost Children', 'Jane Remover', 'gabby start']"
The Hollies,"['album rock', 'british invasion', 'classic rock', 'folk rock', 'mellow gold', 'merseybeat', 'soft rock']",65,"['Creedence Clearwater Revival', 'Bob Seger', 'Bachman-Turner Overdrive']"
The Charlie Daniels Band,"['album rock', 'classic rock', 'country', 'country rock', 'southern rock']",60,"['Mel McDaniel', 'Waylon Jennings', 'Nitty Gritty Dirt Band']"
Johnny Lee,"['classic country pop', 'country']",49,"['Ronnie Milsap', 'The Oak Ridge Boys', 'Conway Twitty']"
Kane Brown,"['black americana', 'contemporary country', 'country', 'country road']",77,"['Jordan Davis', 'Thomas Rhett', 'Sam Hunt']"
Bully,"['bubblegrunge', 'indie punk']",44,"['Ratboys', 'Momma', 'Blondshell']"
Conway Twitty,"['arkansas country', 'classic country pop', 'country', 'country rock']",63,"['George Jones', 'Keith Whitley', 'Mel McDaniel']"
Bread Beatz,['slowcore'],62,"['VaporGod', 'Key Kelly', 'zaichkou888']"
The Psychedelic Furs,"['alternative rock', 'new romantic', 'new wave', 'new wave pop', 'post-punk']",57,"['Echo & the Bunnymen', 'The Church', 'New Order']"
Joy Division,"['alternative rock', 'indie rock', 'madchester', 'new wave', 'post-punk', 'punk', 'rock', 'uk post-punk']",65,"['The Cure', 'Echo & the Bunnymen', 'New Order']"
The Cardigans,"['lilith', 'new wave pop', 'permanent wave', 'pop rock', 'swedish pop']",70,"['The Cranberries', 'No Doubt', 'Sixpence None The Richer']"
TV Girl,['pov: indie'],84,"['Eyedress', 'Mac DeMarco', 'Alex G']"
Miss Madeline,['pink noise'],32,"['RYL0', 'Donatachi', 'Nova May']"
SEBii,"['glitchcore', 'hyperpop']",43,"['blackwinterwells', 'angelus', 'Deko']"
The Cars,"['album rock', 'classic rock', 'hard rock', 'mellow gold', 'new romantic', 'new wave', 'new wave pop', 'permanent wave', 'power pop', 'rock', 'singer-songwriter', 'soft rock', 'synthpop']",68,"['Cheap Trick', 'Tom Petty and the Heartbreakers', 'Heart']"
Loving Caliber,['scandipop'],55,"['Mondays', 'waykap', 'Elijah N']"
Magic System,"['afropop', 'french pop', 'zouglou']",60,"['Vegedream', 'GIMS', 'Aya Nakamura']"
Merle Haggard & The Strangers,['bakersfield sound'],53,"['Waylon Jennings', 'David Allan Coe', 'Mel McDaniel']"
Nelly Furtado,"['canadian latin', 'canadian pop', 'dance pop', 'pop']",78,"['Timbaland', 'Gwen Stefani', 'Fergie']"
Renaud,"['chanson', 'french pop', 'french rock']",61,"['Daniel Balavoine', 'Francis Cabrel', 'Johnny Hallyday']"
Michael Sembello,['hi-nrg'],62,"['Dave Stewart', 'Eurythmics', 'a-ha']"
The Backseat Lovers,"['pov: indie', 'slc indie']",67,"['Briston Maroney', 'Peach Pit', 'flipturn']"
Ky Vöss,['pittsburgh indie rock'],28,"['twst', 'Alice Glass', 'Father Koi']"
Madonna,"['dance pop', 'pop']",81,"['Annie Lennox', 'Ace of Base', 'Cher']"
David Guetta,"['big room', 'dance pop', 'edm', 'pop', 'pop dance']",90,"['Tiësto', 'Robin Schulz', 'Calvin Harris']"
Ed Sheeran,"['pop', 'singer-songwriter pop', 'uk pop']",89,"['Shawn Mendes', 'Sam Smith', 'Maroon 5']"
Shakin' Stevens,"['classic uk pop', 'rockabilly']",54,"['Smokie', 'Harpo', 'Suzi Quatro']"
Slade,['glam rock'],52,"['Status Quo', 'Phil Lynott', 'Tom Robinson Band']"
Keith Whitley,"['country', 'country road']",60,"['Tracy Lawrence', 'Clint Black', 'Conway Twitty']"
M83,"['french shoegaze', 'french synthpop', 'indietronica', 'metropopolis', 'neo-synthpop']",72,"['MGMT', 'The xx', 'Empire Of The Sun']"
Allman Brothers Band,"['album rock', 'blues rock', 'classic rock', 'country rock', 'folk rock', 'hard rock', 'jam band', 'mellow gold', 'rock', 'singer-songwriter', 'soft rock', 'southern rock']",64,"['The Marshall Tucker Band', 'Joe Walsh', 'The Band']"
Houndmouth,"['indie folk', 'modern folk rock', 'new americana', 'stomp and holler']",57,"['Shakey Graves', 'Rayland Baxter', 'The Head And The Heart']"
Paramore,"['candy pop', 'modern rock', 'pixie', 'pop', 'pop emo', 'pop punk', 'rock']",80,"['My Chemical Romance', 'The All-American Rejects', 'Fall Out Boy']"
Justin Bieber,"['canadian pop', 'pop']",91,"['Shawn Mendes', 'Bruno Mars', 'Selena Gomez']"
Dire Straits,"['album rock', 'classic rock', 'mellow gold', 'rock']",78,"['Supertramp', 'Bruce Springsteen', 'The Rolling Stones']"
Meryl Streep,"['hollywood', 'show tunes']",66,"['Amanda Seyfried', 'Julie Walters', 'Pierce Brosnan']"
Capoxxo,"['glitchcore', 'hyperpop']",40,"['i9bonsai', 'Senses', 'keyblayde808']"
Nightcore,"['hands up', 'nightcore']",51,"['Nightcore Reality', 'NIVIRO', 'LA Nightcore']"
LXNGVX,"['gym phonk', 'krushfunk']",76,"['SXID', 'Polaris', '2KE']"
Tommy James & The Shondells,"['bubblegum pop', 'classic garage rock', 'classic rock', 'country rock', 'folk rock', 'mellow gold', 'merseybeat', 'psychedelic rock', 'rock-and-roll']",56,"[""The Lovin' Spoonful"", 'The Young Rascals', 'The Zombies']"
Bee Gees,"['disco', 'mellow gold', 'soft rock']",79,"['Elton John', 'George Michael', 'Rod Stewart']"
Boston,"['album rock', 'classic rock', 'glam metal', 'hard rock', 'mellow gold', 'rock', 'soft rock']",67,"['Cheap Trick', 'Van Halen', 'Asia']"
Heuss L'enfoiré,"['french hip hop', 'pop urbaine', 'rap francais']",68,"['Gazo', 'Lacrim', 'Gambi']"
The Tesca Country Clan,"['country', 'seasonal']",13,[]
Alexandra Stan,['romanian pop'],63,"['Vika Jigulina', 'Edward Maya', 'Pitbull']"
Brad Paisley,"['contemporary country', 'country', 'country road']",67,"['Tim McGraw', 'Travis Tritt', 'Blake Shelton']"
Sophie Ellis-Bextor,"['dance pop', 'europop', 'new wave pop']",69,"['Natasha Bedingfield', 'Kylie Minogue', 'Madonna']"
Cody Jinks,"['classic texas country', 'modern southern rock', 'outlaw country']",65,"['Whiskey Myers', 'Jamey Johnson', 'Southall']"
Kenya Grace,['singer-songwriter pop'],69,"['Elley Duhé', 'RAYE', 'Mae Stephens']"
New Found Glory,"['easycore', 'neon pop punk', 'pop punk']",60,"['Sugarcult', 'The Starting Line', 'Yellowcard']"
Gradur,"['french hip hop', 'pop urbaine', 'r&b francais', 'rap francais']",63,"['Niska', 'Alonzo', 'Naza']"
Pinegrove,"['countrygaze', 'new jersey indie', 'small room']",67,"['Duster', 'Current Joys', 'Alex G']"
Don Louis,['texas country'],52,"['Kingery', 'Hueston', 'Ty March.']"
INXS,"['album rock', 'australian rock', 'dance rock', 'funk rock', 'new romantic', 'new wave', 'new wave pop', 'rock']",71,"['Simple Minds', 'Duran Duran', 'Fine Young Cannibals']"
Shenandoah,"['contemporary country', 'country', 'country road']",59,"['Tracy Lawrence', 'Joe Diffie', 'Keith Whitley']"
Macseal,"['diy emo', 'long island punk', 'midwest emo', 'small room']",47,"['sports.', 'TRSH', 'Camping In Alaska']"
Kavinsky,['filter house'],67,"['Justice', 'M83', 'Julian Casablancas']"
Ozzy Osbourne,"['album rock', 'alternative metal', 'birmingham metal', 'classic rock', 'glam metal', 'hard rock', 'metal', 'rock']",73,"['Mötley Crüe', 'Metallica', 'Black Sabbath']"
Johnny Horton,"['classic country pop', 'cowboy western']",50,"['Jimmy Dean', 'C.W. McCall', 'The Statler Brothers']"
plenka,['drift phonk'],59,"['Portwave', 'REDCHINAWAVE', 'my!lane']"
Poison,"['album rock', 'classic rock', 'glam metal', 'hard rock', 'rock']",64,"['Def Leppard', 'Warrant', 'Quiet Riot']"
Cameron Sacky Band,"['red dirt', 'texas country']",38,"['Slade Coulter', 'J.R. Carroll', 'Jarrod Morris']"
The Last Dinner Party,['indie pop'],67,"['Lola Young', 'The Beaches', 'boygenius']"
Starship,"['album rock', 'classic rock', 'mellow gold', 'new romantic', 'new wave pop', 'soft rock', 'synthpop']",67,"['Eric Carmen', 'Kenny Loggins', 'Belinda Carlisle']"
Martha Reeves & The Vandellas,"['classic girl group', 'classic soul', 'motown', 'soul', 'southern soul']",56,"['Wilson Pickett', 'Jackie Wilson', 'Fontella Bass']"
John Williams,"['orchestral soundtrack', 'soundtrack']",72,"['Alan Silvestri', 'Michael Giacchino', 'John Powell']"
Yellowcard,"['alternative metal', 'pop punk', 'post-grunge', 'socal pop punk']",64,"['Sugarcult', 'The Red Jumpsuit Apparatus', 'Good Charlotte']"
Roy Orbison,"['adult standards', 'classic rock', 'folk rock', 'mellow gold', 'rock-and-roll', 'rockabilly', 'singer-songwriter', 'soft rock']",68,"['Elvis Presley', 'The Righteous Brothers', 'Tom Jones']"
Troye Sivan,"['australian pop', 'pop', 'viral pop']",79,"['Ariana Grande', 'Sabrina Carpenter', 'Taylor Swift']"
MUNA,"['alt z', 'indie pop', 'indie poptimism', 'la pop', 'metropopolis']",59,"['The Aces', 'HAIM', 'Holly Humberstone']"
Finger Eleven,"['alternative metal', 'canadian rock', 'funk metal', 'nu metal', 'post-grunge']",63,"['Trapt', 'Seether', 'Puddle Of Mudd']"
Rosanne Cash,"['classic country pop', 'country rock', 'folk', 'lilith', 'singer-songwriter']",49,"['Mary Chapin Carpenter', 'Emmylou Harris', 'Rodney Crowell']"
Mike Ryan,"['classic texas country', 'red dirt']",48,"['Casey Donahew', 'Kolby Cooper', 'Josh Ward']"
Fitz and The Tantrums,"['la indie', 'modern alternative rock', 'modern rock', 'pop rock', 'pov: indie']",68,"['GROUPLOVE', 'BØRNS', 'Neon Trees']"
Walker Montgomery,['country pop'],46,"['Drew Parker', 'Jenna Paulette', 'Brandon Davis']"
The Fray,"['neo mellow', 'piano rock', 'pop', 'pop rock']",73,"['The Goo Goo Dolls', 'The Script', ""Plain White T's""]"
Yes,"['album rock', 'art rock', 'classic rock', 'hard rock', 'progressive rock', 'rock', 'soft rock', 'symphonic rock']",61,"['Rush', 'Genesis', 'The Who']"
cade clair,['krushclub'],67,"['jnhygs', 'Lumi Athena', '9lives']"
SHARKFISH,['hyperpop'],19,"['Mikie Mayo', 'Pent Up Pup', 'Space Candy']"
Jimmy Eat World,"['alternative metal', 'alternative rock', 'emo', 'modern power pop', 'modern rock', 'neon pop punk', 'pop punk', 'pop rock', 'post-grunge', 'punk', 'rock']",69,"['Good Charlotte', 'The All-American Rejects', 'blink-182']"
The Paper Kites,"['acoustic pop', 'australian indie folk', 'indie anthem-folk', 'indie folk', 'stomp and flutter', 'stomp and holler']",71,"['Gregory Alan Isakov', 'Hollow Coves', 'Novo Amor']"
Van Halen,"['album rock', 'classic rock', 'hard rock', 'rock']",74,"['Boston', 'Def Leppard', 'ZZ Top']"
Merle Haggard,"['bakersfield sound', 'country', 'country rock', 'nashville sound', 'outlaw country']",62,"['George Jones', 'Johnny Paycheck', 'David Allan Coe']"
Planet 1999,"['escape room', 'hyperpop']",31,"['caro♡', 'Neggy Gemmy', 'Hyd']"
Miley Cyrus,['pop'],84,"['P!nk', 'Sam Smith', 'Selena Gomez']"
Adictted,['pop'],38,"['Eladio chambion', 'Gabo Herconz ®', 'aLee DJ']"
Mason,"['contemporary country', 'country']",53,"['Willow Avalon', 'Maggie Antone', 'The Red Clay Strays']"
Tino Rossi,"['vintage chanson', 'ye ye']",33,"['Les Compagnons De La Chanson', 'Luis Mariano', 'Line Renaud']"
HIXTAPE,['modern country pop'],64,"['HARDY', 'Dustin Lynch', 'Randy Houser']"
Muscadine Bloodline,['modern country pop'],67,"['Parker McCollum', 'Ian Munsick', 'Kameron Marlowe']"
Tia Blake,['american folk revival'],46,"['Jean Ritchie', 'Connie Converse', 'Tír na nÓg']"
Lil Soda Boi,['bubblegum bass'],34,"['nineishuman', 'Maple', 'monty.pk']"
Josh Meloy,"['classic oklahoma country', 'modern country pop', 'oklahoma country', 'texas country']",67,"['Sam Barber', 'Whiskey Myers', 'Wyatt Flores']"
Tame Impala,"['australian psych', 'modern rock', 'neo-psychedelic', 'rock']",81,"['MGMT', 'Mac DeMarco', 'Gorillaz']"
Clover!,['scenecore'],52,"['Nosgov', 'kojo', 'zbxa']"
Naked Eyes,"['new romantic', 'new wave pop', 'synthpop']",52,"['The Fixx', 'Modern English', 'Thompson Twins']"
Kill Eva,['electro pop'],60,"['ENCASSATOR', 'REDCHINAWAVE', 'akiaura']"
CFCF,['balearic'],36,"['Neggy Gemmy', 'Yawning Portal', 'James K']"
All Saints,"['dance pop', 'europop', 'girl group', 'new wave pop']",57,"['Texas', 'GABRIELLE', ""Des'ree""]"
alt!,['krushclub'],58,"['Bryansanon', 'ProdByAbnormal', '9lives']"
Jonathan Eng,"['broadway', 'hollywood', 'movie tunes', 'show tunes']",64,"['Lin-Manuel Miranda', 'Okieriete Onaodowan', 'Original Broadway Cast of Hamilton']"
Majestic,"['psychedelic soul', 'traditional soul']",15,"['Renaldo Domino', 'Sag War Fare', 'Little Janice']"
Shakey Graves,"['austin americana', 'austindie', 'indie folk', 'new americana', 'seattle indie', 'stomp and holler']",61,"['Houndmouth', 'Rayland Baxter', 'Caamp']"
Chase Rice,"['contemporary country', 'country', 'country road', 'modern country rock']",60,"['Dustin Lynch', 'Chris Young', 'Chris Lane']"
Father John Misty,"['art pop', 'chamber pop', 'indie rock', 'singer-songwriter', 'stomp and holler']",71,"['Mazzy Star', 'Bon Iver', 'St. Vincent']"
Vladimir Cosma,"['french soundtrack', 'vintage french electronic']",49,"['Cook da Books', 'Richard Sanderson', 'Sacha Distel']"
Billy Talent,['canadian punk'],65,"['Rise Against', 'Sum 41', 'zebrahead']"
Doc & Merle Watson,"['appalachian folk', 'bluegrass', 'progressive bluegrass', 'traditional folk']",33,"['Doc Watson', 'John Hartford', 'Peter Rowan']"
Alice Longyu Gao,"['escape room', 'hyperpop', 'pink noise']",45,"['Dorian Electra', 'That Kid', 'umru']"
Richard Marx,"['new wave pop', 'soft rock']",68,"['Michael Bolton', 'Peter Cetera', 'Savage Garden']"
KISS,"['glam rock', 'hard rock', 'rock']",73,"['AC/DC', ""Guns N' Roses"", 'Twisted Sister']"
Scorpions,"['album rock', 'german hard rock', 'german metal', 'german rock', 'hard rock', 'rock']",74,"[""Guns N' Roses"", 'Aerosmith', 'Bon Jovi']"
kets4eki,['scenecore'],67,"['asteria', '6arelyhuman', 'd3r']"
Steve Miller Band,"['album rock', 'classic rock', 'hard rock', 'heartland rock', 'mellow gold', 'rock', 'singer-songwriter', 'soft rock']",68,"['Tom Petty and the Heartbreakers', 'Bob Seger', 'Tom Petty']"
Meghan Trainor,"['hip pop', 'pop']",80,"['Miley Cyrus', 'Jessie J', 'Katy Perry']"
Brenda Lee,"['adult standards', 'easy listening', 'lounge', 'rockabilly']",62,"['Perry Como', 'Andy Williams', 'Dean Martin']"
Charlie Rich,"['arkansas country', 'country', 'nashville sound']",51,"['Tammy Wynette', 'Jeannie C. Riley', 'Crystal Gayle']"
John Conlee,"['classic country pop', 'country']",52,"['Vern Gosdin', 'The Oak Ridge Boys', 'Confederate Railroad']"
The Police,"['album rock', 'classic rock', 'permanent wave', 'rock']",78,"['TOTO', 'R.E.M.', 'U2']"
Bryan Adams,"['canadian pop', 'canadian singer-songwriter', 'classic canadian rock', 'heartland rock', 'mellow gold', 'soft rock']",77,"['Roxette', 'Foreigner', 'Phil Collins']"
Bon Jovi,"['glam metal', 'rock']",80,"['Aerosmith', ""Guns N' Roses"", 'Journey']"
Randy Houser,"['contemporary country', 'country', 'country road']",61,"['Chris Janson', 'Joe Nichols', 'Craig Morgan']"
dave rodgers,['super eurobeat'],51,"['MEGA NRG MAN', 'Lou Grant', 'KEN BLAST']"
monty.pk,['hyperpop'],37,"['torr', 'Can of Bliss', 'Lil Soda Boi']"
Robbie Williams,"['dance rock', 'europop']",71,"['Take That', 'James Blunt', 'Phil Collins']"
Kelly Clarkson,"['dance pop', 'pop', 'talent show']",74,"['P!nk', 'Miley Cyrus', 'Jessie J']"
Michael Marcagi,['americana'],73,"['Myles Smith', 'Good Neighbours', 'Mark Ambor']"
Lustra,['pop rock'],56,"['Wheatus', 'Fountains Of Wayne', 'The All-American Rejects']"
Don Gibson,['nashville sound'],42,"['Hank Locklin', 'Sonny James', 'Leroy Van Dyke']"
Tommy Fleece,['zoomergaze'],25,"['Caleb Peters', 'MGNA Crrrta', 'drama trial']"
John Anderson,"['classic country pop', 'country', 'country road', 'country rock']",55,"['Clint Black', 'Mark Chesnutt', 'Dwight Yoakam']"
Real Life,"['new romantic', 'synthpop']",46,"['Corey Hart', 'Animotion', 'After The Fire']"
Kings of Leon,"['modern rock', 'rock']",77,"['The Killers', 'The Kooks', 'Red Hot Chili Peppers']"
SUICIDAL-IDOL,"['scenecore', 'sped up']",66,"['STM', 'Britney Manson', 'NBSPLV']"
Patrick Swayze,['yacht rock'],54,"['Eric Carmen', 'Jennifer Warnes', 'Bill Medley']"
Tal Bachman,['pop rock'],56,"['Semisonic', 'Deep Blue Something', 'Fountains Of Wayne']"
Vigiland,"['deep pop edm', 'electronic trap']",54,"['ItaloBrothers', 'Tungevaag', 'MAKJ']"
FrankJavCee,['vaportrap'],56,"['Home', 'Resonance Hub', 'Portwave']"
Rainbow,['pov: indie'],71,"['Mt. Joy', 'Briston Maroney', 'Matt Maeson']"
akiaura,['dreampunk'],64,"['STM', 'Pastel Ghost', 'Kill Eva']"
John Mayer,"['neo mellow', 'singer-songwriter']",79,"['Jack Johnson', 'James Bay', 'Jason Mraz']"
Dustin Lynch,"['contemporary country', 'country', 'country road', 'modern country rock']",68,"['Cole Swindell', 'Chris Young', 'Thomas Rhett']"
Hal Ketchum,"['classic country pop', 'country', 'country road', 'country rock']",46,"['Sawyer Brown', 'David Ball', 'Patty Loveless']"
Bronski Beat,"['hi-nrg', 'new romantic', 'new wave', 'new wave pop', 'sophisti-pop', 'synthpop']",66,"['Kim Carnes', 'Soft Cell', 'The Human League']"
Arctic Monkeys,"['garage rock', 'modern rock', 'permanent wave', 'rock', 'sheffield indie']",88,"['The Neighbourhood', 'Cage The Elephant', 'Surf Curse']"
The Neighbourhood,"['modern alternative rock', 'modern rock', 'pop']",86,"['Beach Weather', 'Cults', 'Arctic Monkeys']"
Sawyer Brown,"['contemporary country', 'country', 'country road']",58,"['Tracy Byrd', 'Mark Chesnutt', 'Clint Black']"
Keith Urban,"['contemporary country', 'country', 'country road']",71,"['Tim McGraw', 'Thomas Rhett', 'Blake Shelton']"
Stevie Wonder,"['motown', 'soul']",76,"['Marvin Gaye', 'Aretha Franklin', 'Commodores']"
Blur,"['alternative rock', 'britpop', 'madchester', 'permanent wave', 'rock']",71,"['Franz Ferdinand', 'Pixies', 'Oasis']"
Drake Milligan,['country'],56,"['Cooper Alan', 'James Johnston', 'Joe Diffie']"
Zach Top,['modern country pop'],72,"['Riley Green', 'Treaty Oak Revival', 'Gavin Adcock']"
Remi Wolf,"['indie pop', 'modern alternative pop']",69,"['The Japanese House', 'Rachel Chinouriri', 'MICHELLE']"
Garou,"['chanson', 'french pop']",53,"['Patrick Fiori', 'Natasha St-Pier', 'Florent Pagny']"
Beach House,"['art pop', 'baltimore indie', 'dream pop', 'dreamo', 'indie rock', 'indietronica', 'modern dream pop', 'pov: indie']",74,"['Current Joys', 'Mac DeMarco', 'Strawberry Guy']"
No Rome,['indietronica'],51,"['joan', 'The Ivy', 'Ruel']"
Fountains Of Wayne,"['pop rock', 'power pop']",59,"['The All-American Rejects', 'Jimmy Eat World', 'Bowling For Soup']"
Led Zeppelin,"['album rock', 'classic rock', 'hard rock', 'rock']",77,"['Jimi Hendrix', 'The Doors', 'The Rolling Stones']"
Hannah Diamond,"['escape room', 'hyperpop', 'proto-hyperpop']",41,"['Finn Keane', 'Namasenda', 'GFOTY']"
Nicki Minaj,"['hip pop', 'pop', 'queens hip hop', 'rap']",87,"['Rihanna', 'Cardi B', 'Beyoncé']"
Maurice Williams,['soul'],23,"['The Falcons', 'Dee Clark', 'Barbara George']"
Bob Wills,"['bakersfield sound', 'traditional country', 'western swing']",36,"['Red Foley', 'Bob Wills & Tommy Duncan with The Texas Playboys', 'Bob Wills']"
Daniel Romano,"['alternative country', 'canadian americana', 'canadian country', 'canadian singer-songwriter']",35,"['Aaron Lee Tasjan', 'The Felice Brothers', 'The Sadies']"
Sheryl Crow,"['lilith', 'new wave pop', 'permanent wave', 'pop rock', 'singer-songwriter']",68,"['Counting Crows', 'Alanis Morissette', 'Tom Petty']"
Holly Macve,"['british country', 'yodeling']",41,"['Rob Grant', 'Etta Marcus', 'Barrie-James']"
Sara Evans,"['contemporary country', 'country', 'country dawn', 'country gospel', 'country road']",54,"['Jo Dee Messina', 'Trisha Yearwood', 'Sugarland']"
Crystal Castles,"['alternative dance', 'bitpop', 'digital hardcore', 'indietronica', 'neo-synthpop', 'new rave', 'nintendocore']",72,"['Pastel Ghost', 'Mareux', 'Sidewalks and Skeletons']"
noturgf,['sped up'],66,"['krush', 'Mckyyy', 'Key Kelly']"
Robin Schulz,"['deep euro house', 'deep house', 'edm', 'german dance', 'pop dance', 'tropical house']",78,"['Felix Jaehn', 'Lost Frequencies', 'David Guetta']"
The Archies,"['bubblegum pop', 'classic canadian rock', 'rock-and-roll']",58,"['Roy Orbison', 'Chubby Checker', 'Katrina & The Waves']"
Calvin Harris,"['dance pop', 'edm', 'electro house', 'house', 'pop', 'progressive house', 'uk dance']",87,"['Major Lazer', 'David Guetta', 'Ellie Goulding']"
Eddie Cochran,"['rock-and-roll', 'rockabilly']",53,"['Fats Domino', 'Danny & The Juniors', 'Little Richard']"
U2,"['irish rock', 'permanent wave', 'rock']",78,"['R.E.M.', 'The Police', 'Simple Minds']"
A$AP Rocky,"['east coast hip hop', 'hip hop', 'rap']",86,"['Kendrick Lamar', 'Kanye West', 'Travis Scott']"
Cream,"['album rock', 'blues rock', 'british blues', 'classic rock', 'folk rock', 'hard rock', 'psychedelic rock', 'rock', 'singer-songwriter', 'supergroup']",64,"['Jimi Hendrix', 'Derek & The Dominos', 'The Doors']"
DJ Ötzi,"['classic schlager', 'oktoberfest', 'schlager']",59,"['Andreas Gabalier', 'Helene Fischer', 'Wolfgang Petry']"
Guns N' Roses,"['glam metal', 'hard rock', 'rock']",81,"['Aerosmith', 'AC/DC', 'Bon Jovi']"
Aerosmith,"['album rock', 'classic rock', 'hard rock', 'rock']",77,"[""Guns N' Roses"", 'Bon Jovi', 'Queen']"
Mustafa Kaya,['turkish'],32,"['Nisa', 'Olgun Şimşek', 'Gökçe Kırgız']"
Måneskin,"['indie rock italiano', 'italian pop']",81,"['Tom Morello', 'Imagine Dragons', 'YUNGBLUD']"
MISS LUXURY,['bubblegum bass'],50,"['Rina Whorgan', 'Nicxletina', 'Ayesha Erotica']"
HARDY,"['contemporary country', 'modern country pop']",76,"['Warren Zeiders', 'Bailey Zimmerman', 'HIXTAPE']"
xxanteria,"['krushfunk', 'sped up']",70,"['ZWE1HVNDXR', 'CURSEDEVIL', 'Skorde']"
Cults,"['experimental pop', 'indie surf', 'pov: indie']",73,"['Eyedress', 'Roar', 'The Neighbourhood']"
That Kid,"['hyperpop', 'pink noise', 'proto-hyperpop']",40,"['Donatachi', 'Gameboi', 'Petey Plastic']"
Soft Cell,"['new romantic', 'new wave', 'new wave pop', 'synthpop']",66,"['Dead Or Alive', 'Blondie', 'Eurythmics']"
Eddie Money,"['album rock', 'classic rock', 'country rock', 'glam metal', 'hard rock', 'mellow gold', 'soft rock', 'southern rock']",58,"['38 Special', 'Loverboy', 'Cheap Trick']"
John Denver,"['classic country pop', 'folk', 'folk rock', 'mellow gold', 'singer-songwriter', 'soft rock']",71,"['Don McLean', 'Neil Diamond', 'Kenny Rogers']"
Berlin,"['new romantic', 'new wave pop', 'synthpop']",63,"['Eric Carmen', 'Chris de Burgh', 'Cyndi Lauper']"
Turnover,"['alternative emo', 'chill dream pop', 'dreamo', 'emo']",56,"['Microwave', 'Citizen', 'It Looks Sad.']"
a-ha,"['new romantic', 'new wave', 'new wave pop', 'permanent wave', 'synthpop']",74,"['Dave Stewart', 'Eurythmics', 'Rick Astley']"
The Romantics,"['album rock', 'mellow gold', 'new romantic', 'new wave', 'new wave pop', 'power pop', 'soft rock']",59,"[""The B-52's"", 'Pat Benatar', 'Electric Light Orchestra']"
Wheatus,['pop rock'],64,"['Lustra', 'Fountains Of Wayne', 'Green Day']"
Kidd G,['modern country pop'],60,"['Drew Green', 'Hayden Coffman', 'David Morris']"
Taylor Dayne,"['freestyle', 'hi-nrg', 'new romantic', 'new wave pop', 'soft rock', 'synthpop']",57,"['Paula Abdul', 'Bananarama', 'Tiffany']"
Rhett Akins,"['contemporary country', 'country', 'country road']",50,"['Clay Walker', 'Aaron Tippin', 'Mark Chesnutt']"
Margo Cilker,"['alternative country', 'western americana']",30,[]
Buddy Holly,"['classic rock', 'folk rock', 'mellow gold', 'rock-and-roll', 'rockabilly', 'singer-songwriter']",58,"['The Crickets', 'Fats Domino', 'The Everly Brothers']"
Tom T. Hall,"['classic country pop', 'outlaw country']",53,"['Buck Owens', 'Bobby Bare', 'Loretta Lynn']"
Jessi Colter,"['classic country pop', 'outlaw country']",41,"['Johnny Rodriguez', 'Porter Wagoner', 'Johnny Duncan']"
Thin Lizzy,"['album rock', 'blues rock', 'classic rock', 'glam metal', 'hard rock', 'irish rock', 'metal', 'rock']",62,"['The Who', 'Free', 'Derek & The Dominos']"
Nat King Cole,"['adult standards', 'easy listening', 'lounge', 'soul', 'swing', 'vocal jazz']",71,"['Dean Martin', 'Louis Armstrong', 'Frank Sinatra']"
Cute Is What We Aim For,"['neon pop punk', 'pixie', 'pop punk']",46,"['Cartel', 'The Academy Is...', 'Forever The Sickest Kids']"
Manchester Orchestra,['indie rock'],63,"['Bon Iver', 'The Paper Kites', 'Gregory Alan Isakov']"
BOYS LIKE GIRLS,"['neon pop punk', 'pop punk']",62,"['We The Kings', 'The Click Five', 'Mayday Parade']"
The Box Tops,"['bubblegum pop', 'classic garage rock', 'folk rock', 'merseybeat', 'psychedelic rock', 'rock-and-roll']",58,"['The Troggs', 'Buffalo Springfield', 'Canned Heat']"
NBSPLV,['sped up'],68,"['STM', 'akiaura', 'INTERWORLD']"
Ryan Bingham,"['new americana', 'outlaw country']",59,"['Turnpike Troubadours', 'The Steeldrivers', 'Shane Smith & the Saints']"
Mareux,['dark synthpop'],67,"['Pastel Ghost', 'Sidewalks and Skeletons', 'Crystal Castles']"
Huey Lewis & The News,"['album rock', 'classic rock', 'hard rock', 'mellow gold', 'new romantic', 'new wave pop', 'rock', 'singer-songwriter', 'soft rock']",65,"['Kenny Loggins', 'The J. Geils Band', 'Cheap Trick']"
Jennifer Rush,['new wave pop'],53,"['Nick Kamen', 'Robin Beck', 'Johnny Logan']"
Corona,['eurodance'],60,"['SNAP!', 'La bouche', 'Haddaway']"
Timbaland,"['dance pop', 'pop', 'pop rap']",79,"['Nelly Furtado', 'Rihanna', 'Black Eyed Peas']"
The La's,['britpop'],64,"['Sixpence None The Richer', 'Supergrass', 'The Cranberries']"
David Ball,"['classic country pop', 'country', 'country road']",45,"['Aaron Tippin', 'Mark Chesnutt', 'Confederate Railroad']"
Donny Hathaway,"['chicago soul', 'classic soul', 'funk', 'neo soul', 'quiet storm', 'soul', 'southern soul']",56,"['Al Green', 'Bobby Womack', 'Harold Melvin & The Blue Notes']"
Pecos & the Rooftops,"['modern country pop', 'red dirt']",59,"['Southall', 'Koe Wetzel', 'Whiskey Myers']"
Umberto Tozzi,"['classic italian pop', 'italian adult pop']",61,"['Al Bano And Romina Power', 'Toto Cutugno', 'Ricchi E Poveri']"
Kesha,"['dance pop', 'pop']",81,"['Katy Perry', 'Britney Spears', 'will.i.am']"
Pitbull,"['dance pop', 'miami hip hop', 'pop']",86,"['Flo Rida', 'AFROJACK', 'will.i.am']"
Tracy Lawrence,"['arkansas country', 'contemporary country', 'country', 'country road']",61,"['Clay Walker', 'Shenandoah', 'Tracy Byrd']"
The Smashing Pumpkins,"['alternative metal', 'alternative rock', 'grunge', 'permanent wave', 'rock', 'spacegrunge']",75,"['Soundgarden', 'Pixies', 'Alice In Chains']"
Harold Faltermeyer,"['german soundtrack', 'synthesizer', 'synthpop']",56,"['Steve Stevens', 'Klaus Badelt', 'Alan Silvestri']"
Natalie Imbruglia,"['dance pop', 'europop', 'lilith', 'new wave pop', 'pop rock']",67,"['Dido', '4 Non Blondes', 'The Calling']"
The Japanese House,"['indie pop', 'indietronica', 'modern dream pop', 'pov: indie', 'vapor soul']",66,"['Del Water Gap', 'Rachel Chinouriri', 'Remi Wolf']"
Quavo,"['atl hip hop', 'melodic rap', 'rap', 'trap']",81,"['Future', 'Gunna', 'Ty Dolla $ign']"
Cowgirl Clue,['hypnagogic pop'],38,"['Kitty', 'Slater', 'The Hellp']"
Alan Stivell,"['breton folk', 'celtic']",35,"['Dan Ar Braz', 'Malicorne', 'Rozenn Talec']"
Spin Doctors,"['pop rock', 'post-grunge']",61,"['Semisonic', 'Chumbawamba', 'Counting Crows']"
Skullcrusher,"['countrygaze', 'small room']",41,"['Lomelda', 'Florist', 'Squirrel Flower']"
Desire,['rage rap'],39,"['sgpwes', 'iayze', 'GOONIE']"
glwzbll,['slowcore'],57,"['BLESSED MANE', 'STM', 'Viliam Lane']"
Golemm,['chill breakcore'],45,"['Mayo.', 'strxwberrymilk', 'NANORAY']"
Billy Joel,"['album rock', 'classic rock', 'mellow gold', 'piano rock', 'rock', 'singer-songwriter', 'soft rock']",79,"['Don McLean', 'Elton John', 'Daryl Hall & John Oates']"
Ayesha Erotica,['hyperpop'],72,"['MISS LUXURY', '6arelyhuman', 'Tila Tsoli']"
Yameii Online,"['glitchcore', 'hyperpop']",49,"['Deko', 'SEBii', 'oaf1']"
The Buggles,"['early synthpop', 'new wave pop', 'zolo']",58,"['Dexys Midnight Runners', 'Soft Cell', 'Dead Or Alive']"
Dalida,['chanson'],60,"['Charles Aznavour', 'Alain Delon', 'Joe Dassin']"
Darius Rucker,"['black americana', 'contemporary country', 'country', 'country road']",67,"['Zac Brown Band', 'Blake Shelton', 'Luke Bryan']"
Katrina & The Waves,['new wave pop'],63,"['The Proclaimers', 'Kiki Dee', 'Culture Club']"
Esther Rose,['new orleans americana'],39,"['The Lostines', 'Dean Johnson', 'Cactus Lee']"
Mitski,"['brooklyn indie', 'pov: indie']",84,"['TV Girl', 'Rio Romeo', 'Roar']"
juju<3,['pov: indie'],64,"['TV Girl', 'Rio Romeo', 'Roar']"
Big Ali,['french rap'],61,"['DJ Assad', 'Black M', ""Sexion d'Assaut""]"
Pet Shop Boys,"['dance rock', 'new romantic', 'new wave', 'new wave pop', 'permanent wave', 'synthpop']",69,"['Erasure', 'The Human League', 'Orchestral Manoeuvres In The Dark']"
The Panhandlers,"['classic texas country', 'red dirt', 'texas country']",48,"['John Baumann', 'Shane Smith & the Saints', 'William Clark Green']"
Wet Leg,"['crank wave', 'indie rock']",59,"['Wolf Alice', 'The Last Dinner Party', 'Le Tigre']"
Carly Pearce,"['contemporary country', 'country', 'country road']",64,"['Lauren Alaina', 'Maddie & Tae', 'MacKenzie Porter']"
Gwen Stefani,"['dance pop', 'pop']",75,"['Britney Spears', 'Fergie', 'Nelly Furtado']"
Linda Ronstadt,"['country rock', 'folk', 'folk rock', 'heartland rock', 'mellow gold', 'singer-songwriter', 'soft rock']",62,"['Crystal Gayle', 'James Taylor', 'Gordon Lightfoot']"
Johnny Mathis,"['adult standards', 'easy listening']",55,"['Jack Jones', 'Perry Como', 'Matt Monro']"
Montgomery Gentry,"['contemporary country', 'country', 'country road']",58,"['Craig Morgan', 'Trace Adkins', 'Joe Nichols']"
Clyde McPhatter,"['doo-wop', 'rhythm and blues']",36,"['Darlene Love', 'Charles Brown', 'The Commanders']"
Josh Turner,"['contemporary country', 'country', 'country road']",66,"['Brooks & Dunn', 'Alan Jackson', 'Brad Paisley']"
Faith Hill,"['contemporary country', 'country', 'country dawn', 'country road']",63,"['Martina McBride', 'Lonestar', 'Lee Ann Womack']"
Tone-Loc,"['freestyle', 'hip house', 'miami bass']",50,"['Young MC', 'Tag Team', 'Marky Mark And The Funky Bunch']"
Tucker Wetmore,['modern country pop'],71,"['ERNEST', 'Bailey Zimmerman', 'Ella Langley']"
Tony Bennett,"['adult standards', 'easy listening', 'lounge', 'vocal jazz']",63,"['Ella Fitzgerald', 'Harry Connick, Jr.', 'Nat King Cole']"
Peake,['electronic'],26,"['o0o', 'emotegi', 'archive computer']"
Eminem,"['detroit hip hop', 'hip hop', 'rap']",93,"['Wiz Khalifa', 'Dr. Dre', 'JAY-Z']"
The Red Clay Strays,['modern country pop'],72,"['Josh Meloy', 'Wyatt Flores', 'Zach Bryan']"
Oasis,"['beatlesque', 'britpop', 'madchester', 'permanent wave', 'rock']",82,"['Blur', ""Noel Gallagher's High Flying Birds"", 'Red Hot Chili Peppers']"
Hozier,"['irish singer-songwriter', 'modern rock', 'pop', 'pov: indie']",86,"['Noah Kahan', 'Billie Eilish', 'Florence + The Machine']"
Trisha Yearwood,"['contemporary country', 'country', 'country dawn', 'country road']",58,"['Jo Dee Messina', 'Reba McEntire', 'Sara Evans']"
Village People,"['disco', 'new wave pop', 'soft rock']",61,"['Rick Astley', 'Gloria Gaynor', 'The Weather Girls']"
Ceza,"['azeri rap', 'turkish hip hop']",66,"['No.1', 'Yener Çevik', 'Diyar Pala']"
David Allan Coe,"['country', 'outlaw country']",59,"['Johnny Paycheck', 'Hank Williams, Jr.', 'Merle Haggard']"
The Strokes,"['alternative rock', 'garage rock', 'modern rock', 'permanent wave', 'rock']",78,"['Radiohead', 'Pixies', 'Franz Ferdinand']"
Dead Or Alive,"['hi-nrg', 'new romantic', 'new wave pop', 'synthpop']",60,"['Soft Cell', 'Eurythmics', 'Dave Stewart']"
Carly Simon,"['classic rock', 'folk', 'folk rock', 'mellow gold', 'singer-songwriter', 'soft rock']",65,"['Carole King', 'Don McLean', 'Fleetwood Mac']"
The Outfield,['power pop'],71,"['Journey', 'Men At Work', 'Foreigner']"
MIMIDEATH,"['chill breakcore', 'hyperpop', 'plunderphonics']",48,"['C4FF31N3', 'Metaroom', 'hkmori']"
Olivia Rodrigo,['pop'],89,"['Taylor Swift', 'Conan Gray', 'Billie Eilish']"
Internet Girl,"['hyperpop', 'modern alternative pop']",46,"['tsubi club', '4cf', 'kurtains']"
aldrch,"['hyper-rock', 'hyperpop']",40,"['Vaeo', 'rouri404', 'Endie']"
webcage,['hyperpop'],31,"['saoirse dream', 'gabby start', 'tracey brakes']"
damon r.,['electronic'],40,"['anna luna', 'Somewhere Special', 'MGNA Crrrta']"
ivri,['hyper-rock'],56,"['Naveih', 'Pity Party (Girls Club)', 'Love Spells']"
tsubi club,['hyperpop'],46,"['Internet Girl', 'kurtains', 'ericdoa']"
saoirse dream,"['dariacore', 'hyperpop']",33,"['webcage', 'tracey brakes', 'gabby start']"
estelle allen,"['hyper-rock', 'hyperpop']",28,"['dynastic', 'DJ Re:Code', 'saoirse dream']"
Fraxiom,"['glitchcore', 'hyperpop']",43,"['Gupi', 'food house', 'Maple']"
cookii,"['hyperpop', 'proto-hyperpop']",21,"['RILEY THE MUSICIAN', 'Ravenna Golden', 'Hearteyes']"
mint,"['contemporary r&b', 'minneapolis sound', 'new jack swing', 'r&b']",54,"['Jodeci', 'Jon B.', 'SWV']"
han.irl <3,"['electropop', 'dance pop']",32,"['Ryan Hall', 'Musa', 'Elroy']"
lucidbeatz,['electronic'],68,"['mikeeysmind', 'Clams Casino', 'IVOXYGEN']"
luvwillow,"['epunk', 'scenecore']",48,"['zeija', 'Vampyx', '03osc']"
trndytrndy,['hyperpop'],40,"['Ilykimchi', 'Caleb Peters', 'drama trial']"
quinnie,"['bedroom pop', 'indie pop']",53,"['Leith Ross', 'Frankie Cosmos', 'Wasia Project']"
fussy,['electronic'],44,"['ISOxo', 'Knock2', 'Eliminate']"
aldn,"['glitchcore', 'hyperpop']",59,"['adore', 'otuka', 'Novulent']"
Chance Peña,['singer-songwriter pop'],74,"['Richy Mitch & The Coal Miners', 'Noah Kahan', 'Jonah Kagen']"
Artemas,['alternative'],80,"['Isabel LaRosa', 'Shy Smith', 'Djo']"
kmoe,"['glitchcore', 'hyperpop']",42,"['blackwinterwells', '8485', 'gabby start']"
siouxxie sixxsta,"['glitchcore', 'hyperpop', 'scenecore', 'sped up']",57,"['Punkinloveee', 'Ezekiel', 'hoshie star']"
KidSnorlax,"['glitchcore', 'scenecore', 'weirdcore']",44,"['syris', 'LyteSpeed', 'Xaxanity']"
Deko,['glitchcore'],45,"['SEBii', 'Yameii Online', 'oaf1']"
glaive,"['glitchcore', 'hyperpop', 'proto-hyperpop']",65,"['ericdoa', 'kurtains', 'juno']"
Dominic Fike,"['alternative pop rock', 'pov: indie']",79,"['Declan McKenna', 'Bakar', 'Wallows']"
Vierre Cloud,"['sped up', 'weirdcore']",59,"['Ezekiel', 'Guy Sigsworth', 'Kinneret']"
Tatli,['gym hardstyle'],52,"['Asentrix', 'EXILED', 'ANGUISH']"
d3r,"['krushclub', 'scenecore']",57,"['blood pup', 'wujek', 'Pröz']"
Magnolia Payne,['electronic'],17,"['biblemami', 'dear cupid.', 'Big Softy']"
qtae,['scenecore'],30,"['maxo xoxo', 'ronin', 'roshyw']"
vai5000,['electropop'],25,"['mint', 'tjweaver', 'Kaydence May']"
Reddish Blu,['pop'],20,"['Belis', 'DESTROY BORING', 'dapurr']"
NUFFER,['pop'],8,"['luminism', 'tarnisher', 'Rafa']"
Babebee,['modern indie pop'],32,"['DESTROY BORING', 'Belis', 'RUNNER BOY']"
фрози,['sped up'],71,"['Tomo', 'George Kipa', 'Mwizz']"
Grupo Frontera,['musica chihuahuense'],86,"['Carin Leon', 'Christian Nodal', 'Xavi']"
EYROV,['hyperpop'],6,[]
kina eile,['hyperpop'],5,"['BLOODiDOL', 'Focus Group', 'namyu']"
dashie,['phonk'],16,"['Ssj9k', 'The Spaceman: Chaos', 'Lil Broomstick']"
Basement Jaxx,"['alternative dance', 'big beat', 'electronica']",55,"['Fatboy Slim', 'Bodyrox', 'Audio Bullys']"
m1v,['scenecore'],48,"['KidSnorlax', 'Kaneda7', 'Xaxanity']"
Ella Langley,['modern country pop'],72,"['Tucker Wetmore', 'Lainey Wilson', 'Riley Green']"
Bi-2,"['belarusian pop', 'belarusian rock', 'classic russian rock', 'russian alternative rock', 'russian punk', 'russian rock']",53,"['Splean', 'Mumiy Troll', 'Gorod 312']"
Xalxuri,['classic russian rock'],35,"['Валерий Петряев', 'Александр Есин', 'Mark Bernes']"
